id_docente;nombre_docente;dirección;numero_secciones
00005365;Enrique Diego Ariza;Av. carrera 193 # 51-87 Este 273092 Unión Panamericana, Chocó;2
00005145;Elizabeth Ana Marín Rodríguez;Calle 43 # 24-25 Este Apto. 8 767753 Calima, Valle del Cauca;4
00005833;Diana Erika Córdoba Riascos;Carrera 118 Sur # 2-3 Sur 130977 Santa Rosa del Sur, Bolívar;2
00005678;Arnulfo Edward González;Cr. 122 # 6-3 Torre 9 apartamento 73 238625 Tierralta, Córdoba;4
00004963;Pablo Burgos;Cl. 84 # 33-63 174377 Manzanares, Caldas;3
00005857;Sofía Ocampo;Carrera 3ª # 7-3 Sur Apto. 643 767575 Andalucía, Valle del Cauca;3
00005877;Alberto Andrés Hernández;Av. Ferney Raúl Ortiz # 3-32 Este Torre 8 apartamento 751 188926 Cartagena del Chairá, Caquetá;1
00005832;Yenifer Tamayo Rojas;Cl. 24 # 4-26 Este Apartamento 497 681938 Macaravita, Santander;2
00004951;Andrea Martha Gutiérrez Serna;Av. carrera 19 # 83-65 Sur 524282 Túquerres, Nariño;2
00005606;Aura González;Cr. 26V # 1-4 Este Casa 8 251674 La Calera, Cundinamarca;4
00005827;Margarita Diana Bedoya Gaitán;Cr. 1ª # 5-83 705642 Sucre, Sucre;1
00005178;Alberto Rodríguez;Tr. 9ª # 9-9 Este 185683 Albania, Caquetá;3
00005272;Viviana Milena Arango;Carrera 31 # 17R-69 Este Apartamento 63 528694 El Tablón de Gómez, Nariño;3
00005250;Jesús Ramírez Castro;Cl. 62D # 28B-7 Este 631444 Pijao, Quindío;1
00005600;Yesid Óscar Ochoa Hernández;Cr. 167M Bis M # 91Z-62 Este Oficina 14 251376 Funza, Cundinamarca;4
00005681;María Mery Suárez Silva;Tr. 1P Este # 1W-64 Torre 5 apartamento 20 857400 Pore, Casanare;4
00005555;Carlos Yepes;Av. carrera 151 # 56-91 Sur Apartamento 3 542480 Labateca, Norte de Santander;4
00005512;Rosa María Beltrán;Avenida carrera 139 # 39R-33 Sur Apto. 45 737378 Ibagué;3
00005177;Beatriz María Navarro Vargas;Avenida Pasca # 6-6 Este Etapa 1 apartamento 42 685458 Pinchote, Santander;4
00005592;Clemencia Consuelo Velásquez;Av. carrera 32 # 29-86 Sur 173868 Risaralda, Caldas;4
00005242;Amparo Naranjo;Avenida calle 6ª # 44-9 Sur Apto. 4 156157 Pesca, Boyacá;2
00005399;Carmen Daniela Díaz Sánchez;Cr. 41 Bis I # 54-17 Sur Local 6 681802 Betulia, Santander;1
00004889;Gloria Hernández;Cr. 7ª # 9-60 854766 Chámeza, Casanare;2
00005836;Hernando Ortega;Cl. 167 # 3I-7 509867 San Carlos de Guaroa, Meta;3
00005683;Gloria Mosquera;Calle 5ª # 1-9 Sur 707741 Colosó, Sucre;1
00005460;Santiago Alberto López Ortiz;Transversal 108W # 81-81 660792 Marsella, Risaralda;3
00005601;Alexander Michael Ortiz López;Calle 10 # 5-52 Apto. 3 684879 Güepsa, Santander;4
00005757;Yudy Vásquez Herrera;Av. calle 8ª # 7V-46 Sur 521433 Ospina, Nariño;2
00005620;Wilfredo Marín Acevedo;Cr. 9W Sur # 5-84 Este 207550 Pelaya, Cesar;2
00005447;Martha Johana Quintero;Transversal 78O # 9-39 Sur Bodega 37 681832 Bucaramanga;1
00005421;Carmenza González;Cr. 62 # 91-82 Sur 056121 Uramita, Antioquia;2
00005597;Josefa Mendoza;Carrera 5Z # 69P-43 Oficina 41 256748 Agua de Dios;2
00005783;Eduardo Luis Barrios;Dg. 97 # 9-30 Sur Casa 90 271009 Condoto, Chocó;2
00005576;Cristina Correa;Cl. 4J # 26W-3 Sur 506762 El Castillo, Meta;2
00005071;Leidy Ruiz;Cr. 48 # 3-9 Sur 549682 Silos, Norte de Santander;2
00005007;Alejandro Rubén Gonzáles;Av. Suratá # 86-40 Este 151553 Chiscas, Boyacá;3
00005144;Ángela Pulido;Carrera 3B # 46-4 158648 Villa de Leyva, Boyacá;2
00005596;Luz Rueda Mena;Carrera 3ª # 5-52 918817 Puerto Santander, Amazonas;2
00004956;David Barreto Sánchez;Cr. 88 # 78-78 Este Apto. 35 155368 Togüí, Boyacá;2
00004978;Paula Chacón;Cl. 135 # 4O-6 Oficina 103 919326 Tarapacá, Amazonas;4
00005010;Melissa María Trujillo Cruz;Calle 165 Bis T # 80B-8 Este Oficina 26 183899 Morelia, Caquetá;4
00005824;Juliana Torres;Cr. 35 # 7-71 Bodega 57 525463 El Tambo, Nariño;4
00005366;Mauricio Álvarez;Calle 31 # 1-5 Sur Apto. 3 085565 Repelón, Atlántico;4
00005589;Luz Castro Niño;Carrera 193 # 22-5 Este Apartamento 6 059672 Donmatías, Antioquia;4
00005874;Beatriz García Cano;Carrera 91 # 52-71 Este Oficina 6 255016 Ubalá, Cundinamarca;2
00005112;José Luis Carvajal Jiménez;Avenida calle 185 # 4-3 Torre 7 apartamento 492 478603 Pijiño del Carmen, Magdalena;2
00005100;Norma Arias;Avenida carrera 14 # 75-72 Este 860252 Villagarzón, Putumayo;4
00004884;Rosa Jimena Mosquera;Cr. 119 # 6-4 276014 Lloró, Chocó;4
00004997;Yaneth Katerine Cuesta Rodríguez;Carrera 76 # 6-54 Sur Bodega 4 524304 Iles, Nariño;4
00005582;Mary Cardona;Avenida carrera 56 # 7-40 Sur 271544 Medio Atrato, Chocó;3
00004923;Enrique Rodríguez;Calle 3ª # 75-2 Apartamento 12 058382 Caracolí, Antioquia;3
00005861;Elkin García;Diagonal 33 # 6-8 083037 Baranoa, Atlántico;4
00005005;Elkin Yepes Morales;Carrera 155 # 80-59 Sur Bodega 532 251092 Gachalá, Cundinamarca;1
00005355;José Ramos Vergara;Avenida carrera 4ª # 64-25 Este 255777 Anolaima, Cundinamarca;4
00005255;Claudia Maribel Ramírez;Carrera 156B # 6J-69 Este Etapa 7 apartamento 53 527343 El Tambo, Nariño;2
00005580;Jean Camilo López Flórez;Carrera 165 # 7M-42 Bodega 20 767813 Versalles, Valle del Cauca;4
00005138;María Nancy Solano;Avenida carrera 97 # 99-30 Sur Local 413 541645 Convención, Norte de Santander;3
00005097;Eduardo Alfonso Martínez;Carrera 19 # 7-69 Este 251043 Topaipí, Cundinamarca;3
00005316;Jorge Duarte Cano;Calle 37 # 89-6 Sur Torre 4 apartamento 515 170137 San José, Caldas;2
00005655;Alberto Castrillón Hoyos;Dg. 87 # 57-4 Torre 7 apartamento 6 135041 San Estanislao, Bolívar;2
00004948;Carolina Padilla Cardona;Calle 90 # 3-40 Este 448567 Villanueva, La Guajira;4
00005904;Andrés Palacio;Carrera 53 # 69-8 Este Casa 38 057294 Entrerríos, Antioquia;2
00005635;Rosa María Díaz;Cl. 66 # 3-4 Local 64 549048 Chinácota, Norte de Santander;3
00005495;Arturo Osorio Herrera;Diagonal 58 Sur # 8-90 150924 Páez, Boyacá;3
00005604;Iván Guillermo Navarro;Cl. 45Y # 90P-9 Sur Bodega 342 410723 Baraya, Huila;2
00004917;Diana Durán;Carrera 68U Este # 4R-1 Etapa 7 apartamento 76 478495 San Zenón, Magdalena;2
00005461;Aldair Rafael Fernández;Dg. 56F # 39V-6 Este Torre 8 apartamento 807 131590 Santa Catalina, Bolívar;3
00005246;Natalia Gloria Gómez Bejarano;Diagonal 193C Sur # 4-4 Casa 8 666250 Mistrató, Risaralda;2
00005826;Elvira Hernández Escobar;Cr. 9ª # 55-7 Este Local 61 057713 Remedios, Antioquia;1
00005349;Christian Alonso Romero;Calle 5U # 70-96 Local 73 194492 Piendamó - Tunía, Cauca;4
00005051;Alexandra Garcés;Avenida calle 48 # 6X-6 Este 250825 Vianí, Cundinamarca;1
00005394;Mercedes Torres Gómez;Cr. 7 Bis # 55-79 Este 256598 Manta, Cundinamarca;1
00005350;Nelson Jimmy Serna Bolívar;Cr. 87 Este # 2-9 Oficina 256 686995 Jordán, Santander;2
00004943;Pablo Wilson Díaz;Cr. 9X # 9Z-56 Oficina 9 053613 Santa Fé de Antioquia, Antioquia;1
00005454;Yesenia Paola Espinosa Rodríguez;Cr. 70 # 2-98 Este 157485 Saboyá, Boyacá;2
00005722;Irma Xiomara Serrano Martínez;Avenida calle 175 # 3-1 Sur 663206 Pereira;4
00005610;Alexander Osorio Muñoz;Carrera 1ª # 97-19 Sur Bodega 48 413681 Santa María, Huila;3
00005641;Tatiana Fajardo Uribe;Carrera 179 # 11-52 Sur 636753 Córdoba, Quindío;2
00005528;Ingrid Andrea Rodríguez Rodríguez;Cl. 52 # 5E-54 Este 174804 Aranzazu, Caldas;2
00004991;Anderson Agudelo;Av. calle 35 # 66-69 250202 Quipile, Cundinamarca;4
00005891;María Lucía Moreno Guerrero;Avenida calle 108 # 5C-54 Este Local 9 053151 Zaragoza, Antioquia;3
00005848;Alejandra Victoria Palacios Mosquera;Av. calle 100 # 9-52 Etapa 6 apartamento 24 259422 Villagómez, Cundinamarca;2
00005585;Diego Harold Martínez;Av. Sabana de Torres # 4-52 Oficina 5 174615 Palestina, Caldas;4
00005897;Carlos Iván Navarro;Cl. 56 # 24-5 Casa 9 762658 La Unión, Valle del Cauca;1
00005855;Milena Carvajal Rodríguez;Cl. 31 # 32-6 Sur 173959 San José, Caldas;1
00005546;Tatiana Triana;Diagonal 7C # 1-65 Sur Torre 1 apartamento 909 763198 Cali;4
00004981;Lina López Cortés;Cl. 160P # 77Z-2 054232 Yalí, Antioquia;3
00005310;Juan Caro Carvajal;Cr. 74 # 33-93 Este Oficina 740 088407 Galapa, Atlántico;2
00005275;Isabel Fanny López;Cr. 114 # 81-6 Este Oficina 79 172581 Samaná, Caldas;4
00005737;Socorro Flor Cerón;Calle 58 # 68I-50 Torre 6 apartamento 842 545293 Salazar, Norte de Santander;3
00005035;Jhonny Sergio Rojas;Cl. 23 Este # 78-6 Este 053376 Valdivia, Antioquia;4
00005013;Franco Ortega;Cl. 9P # 9-58 Este Casa 13 130243 El Carmen de Bolívar, Bolívar;4
00004886;Abel Carlos Olaya Prada;Transversal 33 # 95-2 257854 La Vega, Cundinamarca;3
00005761;Ricardo Castillo;Cr. 141E Sur # 7G-92 Este Casa 2 057726 La Ceja, Antioquia;1
00004894;María Álvarez Cardona;Carrera 172U Este # 18-84 Este Casa 79 687755 Socorro, Santander;3
00004892;Alexis Arrieta Muñoz;Tr. 1F Bis K # 7-88 Sur Apto. 32 687702 Bucaramanga;3
00005849;Edinson César Padilla Arévalo;Avenida José Rojas Galeano # 5L-27 Este Oficina 3 543424 El Zulia, Norte de Santander;1
00005535;Carlos Jorge Sandoval Álvarez;Avenida San Carlos # 1-91 Sur 682201 Cabrera, Santander;2
00005568;Hugo Bermúdez Forero;Av. calle 13 # 60-80 Sur Oficina 5 051705 Abriaquí, Antioquia;4
00005373;Nancy Fuentes;Carrera 6W # 3-50 254304 Ubalá, Cundinamarca;1
00005282;Mario Arrieta;Tr. 44 # 81-2 256274 Nilo, Cundinamarca;2
00004940;Héctor Humberto Ortiz Sánchez;Carrera 77 # 9-94 Oficina 574 995221 Puerto Carreño;1
00004988;Alexander José Castañeda;Carrera 34 # 9-32 Este Local 7 521178 Los Andes, Nariño;4
00005712;Margarita Sierra Rojas;Cr. 85 # 8X-4 Este Apto. 77 153541 Tununguá, Boyacá;4
00005296;Gregorio Mauricio Trujillo;Carrera 2B # 28H-3 230883 Puerto Escondido, Córdoba;3
00005325;Luis Eduardo Gómez Peña;Calle 98 # 35-1 Etapa 4 apartamento 9 687410 Piedecuesta, Santander;1
00005878;Sofía Rodríguez;Avenida calle 61 # 31-45 Etapa 9 apartamento 91 685691 Lebrija, Santander;2
00005632;Jorge Rodrigo Medina;Cl. 22 # 8-4 Este 855575 Pore, Casanare;2
00005459;Bertha Juliana Franco;Cr. 9P # 66-70 Apto. 84 190645 Piendamó - Tunía, Cauca;3
00005241;Nelly Luz Vera Martínez;Transversal 5X # 8-32 Sur 733775 Casabianca, Tolima;1
00005094;Viviana Silva;Avenida carrera 3ª # 44K-22 Sur 257607 Girardot, Cundinamarca;2
00005731;Claudia Santos Vergara;Cr. 165J # 3-76 256517 Gutiérrez, Cundinamarca;1
00005591;Santiago Mendoza;Avenida carrera 69 # 7-74 Sur Oficina 1 686829 Chipatá, Santander;3
00005468;Cecilia González;Cr. 86P # 4-67 Este Apto. 453 273761 Medio Atrato, Chocó;2
00005294;Elcy Carolina Gonzáles;Cr. 1S # 84-42 Este 761419 Dagua, Valle del Cauca;4
00005517;Emilia Ruth Sánchez;Cl. 23 # 70-82 Sur 688779 Macaravita, Santander;4
00005844;Elena Duarte;Calle 4 Este # 8X-73 Sur 055133 Támesis, Antioquia;1
00005022;Marlene Ángela Gil Márquez;Cl. 138H # 2N-7 Este Oficina 67 473804 Sitionuevo, Magdalena;1
00005437;Valentina Juliana Henao;Carrera 8O # 83P-9 Este Etapa 6 apartamento 30 256711 Sasaima, Cundinamarca;4
00005588;María Yamile González;Cr. 50C # 36-1 Sur Apto. 9 526258 Córdoba, Nariño;4
00005834;José Ramírez Álvarez;Avenida carrera 136 # 9-90 Sur Etapa 8 apartamento 7 475247 Santa Marta;3
00005570;Pablo Antonio Hernández Rojas;Cr. 39 # 8-71 Oficina 533 253752 Simijaca, Cundinamarca;2
00005079;Ángela Elena Estrada Obando;Carrera 182V # 2N-1 Bodega 74 055483 Itagüí, Antioquia;4
00004965;Cecilia María Lozano León;Cr. 1ª # 7-84 Sur Bodega 483 230602 Moñitos, Córdoba;4
00005030;Fernando Efrén Acevedo Mejía;Cr. 133Y # 9-2 Torre 5 apartamento 1 682770 La Belleza, Santander;2
00005530;Teresa Molano Zambrano;Calle 46M Este # 7-19 Este Apto. 27 250935 Fosca, Cundinamarca;4
00005273;Virginia Daniela Perea;Carrera 33 # 4-7 253352 Puerto Salgar, Cundinamarca;2
00005398;Diana Gloria Ángel;Cr. 72 # 2-2 Oficina 337 087323 Manatí, Atlántico;1
00005427;Luis Jaime Correa;Calle 87X Bis T # 6-46 Este 051543 San Rafael, Antioquia;4
00005899;Susana Padilla;Calle 6A Bis # 3-7 150129 Soracá, Boyacá;3
00005781;Paola Dayana Mantilla;Cr. 190L # 6G-6 Sur Apto. 76 505400 Castilla la Nueva, Meta;4
00005368;Ingrid Andrea Alfonso González;Carrera 87G # 5-73 Sur Etapa 2 apartamento 93 680292 Matanza, Santander;3
00005548;Catalina Parra;Cl. 198 # 97-3 Sur 151043 Panqueba, Boyacá;1
00005046;Sebastián Héctor Marín;Cl. 8J # 59-6 Este Local 3 257141 Suesca, Cundinamarca;2
00004986;Marina Laura Vargas;Avenida Augusto Torres Solano # 86-7 Sur Oficina 13 081528 Santo Tomás, Atlántico;3
00005321;Esperanza Lucía Romero Morales;Calle 62 # 5O-91 858739 Paz de Ariporo, Casanare;4
00005636;Jorge José Chávez Meza;Cr. 77 # 6-2 Sur Bodega 564 199533 Morales, Cauca;3
00005654;María Hernández Ortega;Carrera 96L # 63-85 Etapa 9 apartamento 245 052984 El Carmen de Viboral, Antioquia;2
00004949;Leidy Cifuentes Vanegas;Tr. 75 # 68V-2 Casa 9 528804 Linares, Nariño;1
00005776;Alba Luz Martínez Peña;Carrera 42 # 40-38 Sur Casa 23 255959 Tausa, Cundinamarca;3
00005640;Luis José Valencia;Av. Miraflores # 3-11 705482 Corozal, Sucre;3
00005642;Nelson Daniel Sánchez Hurtado;Carrera 3ª # 60-5 Este Apto. 420 251201 Nimaima, Cundinamarca;4
00005423;José Gamboa;Cr. 69D Este # 1-73 059577 Jericó, Antioquia;4
00005842;Carlos Gallego Arenas;Diagonal 53 # 5-64 Sur Oficina 87 547750 La Playa, Norte de Santander;1
00005110;Gladis Sánchez Gómez;Cl. 35 # 1-8 Bodega 4 524227 Consacá, Nariño;1
00005854;Margarita Elena Zapata Padilla;Cr. 47 # 1-4 Este Local 1 050526 Liborina, Antioquia;3
00005424;Mauricio Garzón Navarro;Avenida Cundinamarca # 2-2 084775 Repelón, Atlántico;2
00005651;Humberto Gerson García Gómez;Carrera 102 Bis # 25-6 Este Apartamento 15 239958 Buenavista, Córdoba;1
00005820;María Mery Moreno;Carrera 32 # 8X-92 Este Casa 76 154242 Puerto Boyacá, Boyacá;3
00005879;Luz Isabel Ortiz Mesa;Calle 84 # 59-8 Sur 703135 Galeras, Sucre;2
00005346;Adolfo Ramos;Cl. 39G # 49-84 Torre 8 apartamento 94 689522 Rionegro, Santander;2
00005302;Ignacio Jairo Acosta Ramos;Cr. 160Q # 45-1 Sur 736804 Coello, Tolima;4
00005017;Martha Navarro Durán;Cr. 30 # 2N-88 Sur 977774 Pacoa, Vaupés;4
00005189;María Gutiérrez;Cr. 42C # 89M-4 736205 Villarrica, Tolima;1
00005259;Aurora Rodríguez;Calle 191 # 3T-92 Sur 526298 San Pablo, Nariño;4
00005571;Clara Montoya Aguilar;Diagonal 33 # 4G-98 525119 Colón, Nariño;2
00005492;María Cardona;Avenida Jaramillo # 5M-51 Sur Casa 97 970850 Taraira, Vaupés;3
00005208;Socorro Juliana Loaiza;Cr. 28 # 9-8 Este Etapa 4 apartamento 56 052342 San Francisco, Antioquia;2
00005509;Edwin Luis Ayala;Avenida carrera 180 # 4-87 Sur 200647 Manaure Balcón del Cesar, Cesar;4
00005622;Diego Hurtado Aguilar;Calle 143 Este # 50-24 Sur Torre 9 apartamento 8 681431 San Benito, Santander;2
00005028;Elvia Esther Correa Gutiérrez;Cr. 9G # 19-3 058425 Entrerríos, Antioquia;1
00005769;Esteban Sánchez;Avenida Líbano # 6-51 Este 524959 Córdoba, Nariño;4
00005311;Rosa María Amaya;Diagonal 44 # 68-8 Sur Bodega 19 135864 Arenal, Bolívar;3
00005871;Luz Johana Prieto;Cl. 15 # 6-98 Este Torre 6 apartamento 868 944169 Inírida;1
00005103;Luis Garzón Gutiérrez;Carrera 6ª # 35Z-19 Sur Etapa 6 apartamento 9 151158 Soracá, Boyacá;2
00005104;María Pérez Romero;Transversal 6ª # 5A-65 Sur 197636 Patía, Cauca;1
00005709;Claudia Doris Guzmán Pabón;Cr. 71C # 42-34 Sur Oficina 397 257306 Funza, Cundinamarca;4
00005280;Luz Castro;Carrera 8E # 20-48 Etapa 8 apartamento 5 053458 Marinilla, Antioquia;1
00005099;Sandra Saavedra;Calle 119 # 32-93 Torre 5 apartamento 58 503057 San Juan de Arama, Meta;2
00005467;Jhony Daniel Quintero;Cl. 99C # 40-6 Este 255096 Nimaima, Cundinamarca;4
00005630;Fernanda Yenny Ruiz Velasco;Carrera 98L # 4-59 179052 Filadelfia, Caldas;4
00005898;Arturo Torres Barbosa;Carrera 92 # 23H-77 Torre 8 apartamento 2 056836 Envigado, Antioquia;2
00005734;Xiomara Marina Andrade Álvarez;Avenida Carlos Jesús Escobar Rodríguez # 13-9 Oficina 828 689036 El Guacamayo, Santander;3
00005524;Néstor Arévalo Gómez;Calle 173 # 7-24 Oficina 26 137463 Turbaco, Bolívar;4
00004968;James Reinaldo Cerón Mejía;Calle 67 # 3-41 Este 177270 Aguadas, Caldas;1
00005087;Edgar Alexander González Romero;Carrera 185N # 93-65 202044 Río de Oro, Cesar;1
00005603;Daniela Patricia Pérez Rivera;Diagonal 32 # 9-19 Torre 4 apartamento 13 255641 La Peña, Cundinamarca;2
00005554;Miguel Morales Bravo;Carrera 8R # 52-3 Sur 156449 San Mateo, Boyacá;1
00004887;María Tatiana Saavedra;Avenida Samaná # 9-33 Este 680202 Capitanejo, Santander;1
00005835;Manuel Niño;Cr. 9A # 8-6 Sur Oficina 5 055581 Nariño, Antioquia;1
00005186;Stella María Vargas;Avenida Magdalena # 8H-3 Este 735183 Villarrica, Tolima;2
00005735;Andrés Corredor Prieto;Carrera 62 # 4-2 259506 Guaduas, Cundinamarca;3
00005538;María Ximena Muñoz;Cl. 86 # 4-4 Sur Torre 3 apartamento 90 159043 Tenza, Boyacá;4
00005406;Fabián Castillo Villamizar;Calle 10 # 53-8 Casa 16 206792 Agustín Codazzi, Cesar;4
00005048;Erika Angulo Pérez;Calle 24 # 59-8 506677 San Juanito, Meta;2
00005516;Luis Alexander Martínez;Carrera 58 # 28-60 Local 2 256234 Nilo, Cundinamarca;2
00005741;Yolima Rivera Agudelo;Avenida La Pintada # 91-9 548573 Pamplona, Norte de Santander;2
00005866;Mary Elsa Pedraza Benavides;Calle 72 # 89-48 541149 Toledo, Norte de Santander;3
00005054;Luz Helena Rodríguez;Avenida calle 3ª # 2L-82 Apto. 31 524978 Cuaspud Carlosama, Nariño;3
00005011;Lucila Esther Mendoza;Av. Norcasia # 5N-42 Sur Apartamento 8 276338 Alto Baudó, Chocó;4
00005014;Olga Carrillo;Avenida carrera 96 # 53E-3 Este 198171 Santa Rosa, Cauca;1
00005903;Adalberto Carlos Arias Barragán;Avenida Quindío # 3-7 Este 050869 La Pintada, Antioquia;2
00005791;Ester Mejía Rodríguez;Calle 61 # 96-1 418462 Campoalegre, Huila;4
00005803;Luis José Campo Lara;Tr. 81 # 9X-19 Torre 4 apartamento 240 156304 El Espino, Boyacá;1
00004996;Carlos Manuel Niño;Avenida Vaupés # 7-41 Este Bodega 894 274883 Riosucio, Chocó;2
00005315;Mauricio Gutiérrez;Av. Majagual # 1-5 Sur Local 108 523840 Linares, Nariño;1
00004992;Carolina Ingrid Fuentes Angulo;Carrera 167 # 92Y-37 157364 Sogamoso, Boyacá;1
00005297;Esmeralda Blanco López;Diagonal 186O Bis # 73-38 Sur 856808 Villanueva, Casanare;1
00005806;Jhoana Rincón;Transversal 17H # 5-91 238026 Planeta Rica, Córdoba;3
00005148;Lucía María Romero;Carrera 96 # 9-49 Este Bodega 8 544368 Los Patios, Norte de Santander;4
00005572;Wilson Juan Escobar;Av. calle 124 # 38-93 Este 478045 Santa Bárbara de Pinto, Magdalena;4
00005198;Edilberto Mendoza Gil;Calle 106 # 1-49 Sur 153685 Belén, Boyacá;4
00004942;Estefanía Yolanda Suárez Aguirre;Tr. 146 # 3-8 Sur Apto. 9 052653 Nechí, Antioquia;3
00005583;Vanesa Marcela Chávez Pabón;Tr. 75 # 63-84 Sur Etapa 6 apartamento 31 153065 Jericó, Boyacá;1
00004912;Mónica Nancy Sepúlveda;Tr. 4ª # 55O-65 Sur Local 4 526638 Arboleda, Nariño;3
00005230;Elsa Luz Díaz;Cr. 8 Bis Q # 5-49 Sur Torre 6 apartamento 668 418082 Pital, Huila;4
00005155;Julio Andrés López Ortiz;Carrera 7R # 54U-7 Este 150602 Páez, Boyacá;1
00005448;María Luz Rojas;Carrera 1K # 3-9 Casa 82 137364 Santa Rosa, Bolívar;1
00004913;Luis Moreno;Cl. 26N Este # 16-70 Sur Apartamento 80 051270 Santa Rosa de Osos, Antioquia;4
00005713;Dora Castillo Torres;Av. Huila # 8-98 Sur 683815 Páramo, Santander;4
00005893;José Iván Álvarez Valencia;Av. carrera 16 # 9X-56 Sur 277355 Nóvita, Chocó;3
00005484;Isabel Olga León;Carrera 92 # 26-79 769210 Florida, Valle del Cauca;1
00005434;Javier Jeferson Mena;Cr. 41 # 47-3 Este Local 1 158374 El Cocuy, Boyacá;4
00005191;Milena Rueda;Avenida carrera 8ª # 12-53 Apartamento 730 707847 San Benito Abad, Sucre;4
00005214;Johana María García Rojas;Cl. 7T # 6-8 Sur 051084 Vigía del Fuerte, Antioquia;3
00005132;Diego Valencia;Cr. 119E # 73Q-4 Sur Casa 30 202788 González, Cesar;1
00005083;Manuela Sandoval;Cl. 7ª # 71-24 736550 Purificación, Tolima;3
00005080;Fernando Alfonso Jiménez;Cr. 15 # 45-9 Este Oficina 566 258928 Cabrera, Cundinamarca;2
00005422;Pedro Romero Rueda;Calle 30 # 8-6 158304 Belén, Boyacá;4
00005875;Fernando Jairo Gutiérrez González;Carrera 9 Este # 86-2 Este 052247 Caracolí, Antioquia;4
00005561;Emilio José Barrios Herrera;Calle 172 # 4-9 Este Apartamento 220 477945 Plato, Magdalena;4
00005141;Nelson Andrés García;Dg. 175 # 66-5 Este Local 59 256668 Gama, Cundinamarca;2
00005647;Luis Daniel Salamanca Buitrago;Transversal 8ª # 76-5 Este 684498 El Playón, Santander;4
00005130;Claudia Milena García Monsalve;Transversal 144 # 11-40 Casa 7 681474 La Paz, Santander;4
00005319;Juan David Guerra Hernández;Carrera 72 # 8T-56 Sur 177036 Samaná, Caldas;4
00005286;Claudia Quintero;Calle 6ª # 30-43 Sur Apartamento 7 508668 Cubarral, Meta;4
00005643;Rosa Nancy Burbano;Cl. 198 Sur # 4-37 Etapa 5 apartamento 70 977716 Mitú;3
00005371;Ángel Juan Benítez Jaramillo;Carrera 96 Sur # 9Y-46 731363 Espinal, Tolima;3
00005362;Álvaro Toro;Avenida calle 31 # 5N-41 Casa 63 443131 Distracción, La Guajira;1
00005627;Yéssica Ortiz;Cl. 52 # 4-81 Oficina 41 055174 Puerto Berrío, Antioquia;4
00005851;Jorge Valencia Castro;Cr. 63S # 1-3 259948 Útica, Cundinamarca;2
00005521;Ana Rincón;Calle 27 # 3-8 Sur Torre 1 apartamento 3 665328 Mistrató, Risaralda;4
00005672;Sebastián Emilio Acevedo;Calle 178 # 92-9 Apartamento 62 155653 Tununguá, Boyacá;4
00005500;Libardo Acevedo Pérez;Carrera 131O Bis X # 9-4 Este Apartamento 45 526418 Arboleda, Nariño;1
00005638;Antonio Espinosa Torres;Cr. 123 # 5-6 Torre 9 apartamento 500 150538 Moniquirá, Boyacá;4
00004958;Nathalia Natalia Arias Cabrera;Transversal 185 Este # 47-89 Sur Local 912 177940 Villamaría, Caldas;2
00005052;Milena Vargas Rincón;Carrera 142B # 74A-37 Este Torre 1 apartamento 616 686147 El Peñón, Santander;4
00005727;María Gómez;Cl. 9ª # 40-39 689483 Páramo, Santander;2
00005778;Gerson José Rojas;Transversal 44 # 5-2 Este 681889 Encino, Santander;2
00005807;Eduar Duque;Cl. 52O Sur # 4Y-55 Este Apto. 376 200768 Río de Oro, Cesar;2
00005175;Ernesto Felipe Reyes;Carrera 8O # 3-2 Este Casa 84 158324 Chíquiza, Boyacá;1
00005463;Alfonso Hernán Giraldo Mesa;Cl. 34 # 10-99 542607 Arboledas, Norte de Santander;2
00005387;José Andrés Rodríguez;Avenida Correa # 7H-9 Este 151824 El Cocuy, Boyacá;1
00004903;Bibiana Luz Serna;Cl. 88 # 41-6 Este 185818 Belén de los Andaquíes, Caquetá;3
00005793;José Andrés Barrios;Cl. 8ª # 25S-69 151922 Boyacá, Boyacá;4
00005128;Luis Fonseca;Calle 131 # 3-8 Local 8 705346 San Marcos, Sucre;1
00005364;Javier Alonso Mosquera;Cr. 9 Bis K # 9-91 Este Torre 6 apartamento 95 685144 Barrancabermeja, Santander;3
00005547;Julio Óscar Moreno García;Tr. 48 Este # 5-47 Sur Oficina 883 154953 Tenza, Boyacá;4
00005158;María Dary Rodríguez;Cl. 97 # 95-91 Este 153014 Garagoa, Boyacá;2
00005038;Isabel Vargas Narváez;Cl. 5H # 55-4 Oficina 6 412023 Paicol, Huila;3
00005095;Olga Trujillo Hernández;Cr. 150M # 9-72 Sur 058399 Jardín, Antioquia;4
00005226;Esmeralda Guzmán Ortiz;Cr. 5M # 3-2 252609 Gachetá, Cundinamarca;4
00005351;Camilo Díaz;Carrera 1ª # 65-89 Sur Torre 3 apartamento 567 171684 Pácora, Caldas;1
00004932;Sebastián Rodríguez;Cr. 39 # 27-43 Sur 952314 San José del Guaviare;4
00004885;Milena Pilar Gómez;Cl. 71 Bis # 5-1 Este 862808 San Francisco, Putumayo;4
00005639;Dary López;Cr. 70 # 53-46 Sur Bodega 5 058600 Jericó, Antioquia;1
00005378;María Díaz;Avenida Puerto Concordia # 2-86 Local 9 737936 Villarrica, Tolima;1
00004897;Paula Marina Zapata Velásquez;Cl. 174N Este # 42V-8 Oficina 819 410392 Baraya, Huila;2
00005190;Iván Michael Ruiz Osorio;Cl. 6 Bis # 66-53 Sur 730826 Flandes, Tolima;1
00004939;Ramón Alfonso Jaimes;Tr. 188 # 16-7 204312 Pelaya, Cesar;1
00005634;Óscar Alonso Herrera;Carrera 87 # 1Y-1 Este Oficina 76 525946 Policarpa, Nariño;3
00005901;Jairo Navarro Rangel;Carrera 7ª # 9-1 Etapa 8 apartamento 572 088008 Santo Tomás, Atlántico;1
00005700;Ramón Orlando Ortega;Dg. 55 # 66-9 Este 732686 Coello, Tolima;1
00005679;Andrea Yésica Sánchez;Avenida Londoño # 78-44 Oficina 4 157082 El Espino, Boyacá;4
00005098;Fernanda Valencia Hernández;Diagonal 68 # 4-77 Sur Oficina 4 687601 Carcasí, Santander;4
00005662;Patricia Danna Parada Salgado;Cl. 180 # 71-5 Apartamento 106 051550 Ciudad Bolívar, Antioquia;2
00005825;Gloria Cardona Mendoza;Dg. 41 # 9-4 Sur Oficina 75 549633 Ocaña, Norte de Santander;3
00005823;María Carmen Obando;Carrera 22 # 85-48 Este Apto. 34 502534 Cumaral, Meta;3
00005020;Carmen Ortiz Gaviria;Calle 2ª # 44-94 471357 Zapayán, Magdalena;3
00004890;Socorro Cecilia Gómez;Carrera 97V # 68-33 Este Apartamento 2 253375 Cota, Cundinamarca;3
00005201;Víctor Joan Giraldo;Dg. 17 # 45Y-3 Sur 150539 Monguí, Boyacá;4
00005266;Gabriel Cristian Ceballos Delgado;Transversal 93 # 4-6 Casa 3 054532 Caicedo, Antioquia;3
00005239;Jazmín Laura Blanco;Carrera 49 # 78N-7 Casa 3 257669 Nilo, Cundinamarca;2
00005285;Yesenia Ana Perea Vergara;Calle 60 # 9-19 237618 Lorica, Córdoba;3
00005237;Blanca Yamile Méndez Aguirre;Dg. 43F # 8M-9 Sur 521442 Olaya Herrera, Nariño;4
00005765;Kelly Diana Gómez Flórez;Av. Vega # 27-94 Torre 8 apartamento 115 258913 Nilo, Cundinamarca;4
00005439;Omaira Escobar;Cr. 24 # 2-3 Oficina 10 684153 Sucre, Santander;4
00005082;Ángel Vega;Cl. 34 # 3M-87 951537 Calamar, Guaviare;2
00005312;Álvaro Carlos Ordóñez Cuéllar;Calle 138 Este # 4-3 Este 186159 San José del Fragua, Caquetá;1
00005520;Alexander Jaimes Guerrero;Calle 147 Bis # 5R-5 Apartamento 491 630567 Circasia, Quindío;2
00005763;Juan Torres;Cl. 93 # 48-6 Sur 680089 Concepción, Santander;2
00005661;Sofía Lina Marín;Tr. 77V Sur # 1-4 Sur Torre 6 apartamento 9 276544 Río Iró, Chocó;1
00005816;Cecilia Janeth Zambrano;Carrera 62 # 5-66 Sur 256970 San Antonio del Tequendama, Cundinamarca;3
00005354;Teresa López;Carrera 78 # 2-8 Sur 545782 Silos, Norte de Santander;4
00004954;María Rojas Chávez;Cr. 164 Bis # 96-44 Este Bodega 5 051708 San Luis, Antioquia;4
00005669;Estela Elena Díaz;Av. Bolívar # 6-5 Sur 445187 El Molino, La Guajira;2
00005888;Rafael Martínez;Diagonal 190 # 84-8 Este 200329 San Diego, Cesar;2
00004911;Viviana Suárez;Avenida Katherin Álvarez # 7-9 196922 Páez, Cauca;3
00005385;Antonio Nel Ordóñez Campo;Cl. 132 # 14-60 Sur 472243 Concordia, Magdalena;4
00005069;Jennifer Alejandra Portilla Ocampo;Transversal 182T Bis C # 42-19 681808 Chima, Santander;4
00005077;John Marín;Calle 55N # 18-49 Este Torre 6 apartamento 4 736767 Líbano, Tolima;2
00005059;Luz María Arrieta Galeano;Calle 19 # 2-71 Este Apto. 42 152480 Somondoco, Boyacá;1
00005490;Milena Cárdenas Martínez;Diagonal 36 # 83-23 Sur 685127 Cerrito, Santander;2
00005706;Germán Camilo Marín López;Cr. 112W # 86-55 Este Apartamento 4 702889 Santiago de Tolú, Sucre;4
00005026;Clara Martínez;Av. Liliana Hernández # 96-9 Este 059187 Urrao, Antioquia;4
00005549;María María Mosquera Cuéllar;Cl. 69 Sur # 3W-6 529908 Córdoba, Nariño;1
00005744;Mary Salas;Cl. 4F # 40-84 Este 735093 Purificación, Tolima;1
00005476;Luz Reyes;Diagonal 153 # 7O-3 Este 080358 Juan de Acosta, Atlántico;1
00005531;Claudia Natalia Campo Patiño;Avenida Carolina # 85-55 685806 Florián, Santander;4
00005724;Rocío Edna Villamizar Uribe;Av. carrera 47 # 4-1 Sur 470836 Pijiño del Carmen, Magdalena;2
00005221;Nelly Sánchez;Carrera 87G # 64-91 Sur 153568 San Mateo, Boyacá;1
00004906;Santiago González;Calle 68 # 8-78 Etapa 7 apartamento 366 159421 Cubará, Boyacá;2
00005156;Sandra Isabel Díaz;Calle 78 # 5-97 Este 689970 Cimitarra, Santander;2
00005587;Marino Luis Carvajal;Transversal 27 # 28-29 Este Bodega 984 194723 Timbiquí, Cauca;3
00005867;Fabián Víctor Martínez;Av. calle 64 # 82A-7 Este Apartamento 6 544321 Ragonvalia, Norte de Santander;1
00005352;Miguel Torres Moreno;Carrera 37 # 7-6 187915 Belén de los Andaquíes, Caquetá;1
00005505;Luisa Castro;Av. carrera 37 # 3-5 Torre 6 apartamento 9 133268 San Cristóbal, Bolívar;4
00005537;Gladys Rodríguez;Tr. 41 # 95-8 Este 416698 Íquira, Huila;1
00005733;Camila Yazmín Londoño Guerra;Cl. 9ª # 59-1 Sur Bodega 66 138614 Simití, Bolívar;1
00005105;Robert Gonzalo Hernández Velasco;Carrera 134 # 1-94 Sur Apto. 8 769092 Vijes, Valle del Cauca;1
00005062;María Yaneth Correa Correa;Cr. 70 # 78F-81 Sur 863714 Puerto Asís, Putumayo;3
00005504;Juan Ortega;Transversal 8M # 6-2 Este Etapa 6 apartamento 37 860967 Puerto Asís, Putumayo;3
00005742;Edgar José Rojas;Av. Antioquia # 3-60 Sur Etapa 4 apartamento 3 763618 Palmira, Valle del Cauca;4
00005514;Dayana Meza;Carrera 84 # 1-3 Sur 202863 San Alberto, Cesar;3
00005411;Alexandra Luz Jaramillo Gómez;Cl. 180G # 88R-9 Este Etapa 1 apartamento 4 544136 El Zulia, Norte de Santander;1
00005101;Mabel Liliana Rodríguez López;Cl. 2ª # 32-57 Sur 080722 Polonuevo, Atlántico;1
00005445;Angie Patricia González Acosta;Cr. 64 # 69-2 Este Apartamento 8 767441 Florida, Valle del Cauca;2
00005323;Eugenia Yesenia Quintero Mesa;Transversal 61 # 2H-50 Etapa 7 apartamento 6 157486 Guacamayas, Boyacá;4
00005687;Augusto Jairo Sánchez Fernández;Diagonal 165K # 4L-1 Sur Bodega 3 081682 Juan de Acosta, Atlántico;2
00005331;Fernando Alfredo Méndez;Av. Casanare # 1-2 Sur 918161 Tarapacá, Amazonas;3
00005403;Antonio Camilo Guerrero López;Cl. 11 # 36-77 Sur Torre 5 apartamento 14 051507 Chigorodó, Antioquia;3
00005218;Carmen Quintero Cuesta;Carrera 4ª # 9-3 Sur 633591 Génova, Quindío;1
00005153;Luz Restrepo Arias;Cl. 92 # 72-61 Este 156771 La Victoria, Boyacá;3
00005864;Orlando Castro Camacho;Avenida carrera 67 # 77-46 869724 San Miguel, Putumayo;3
00005086;Alejandro Luna Espinosa;Tr. 63J Este # 2-8 704650 Ovejas, Sucre;4
00004957;Daniel Leonardo Hernández;Avenida calle 6ª # 47-56 Sur Local 22 473333 Guamal, Magdalena;3
00005507;Alejandra Andrea Bedoya;Cr. 32 # 6-64 Este Apartamento 52 526653 Consacá, Nariño;1
00005301;Hernán Eduard Pinzón Vargas;Cr. 33H # 3I-6 Este 548852 Teorama, Norte de Santander;2
00005392;Liliana Sonia Barragán Hernández;Diagonal 7C # 3-85 Este 153541 Paz de Río, Boyacá;1
00005193;Yaneth Luz Caro Pérez;Calle 86 # 98O-77 Sur Bodega 47 250932 Venecia, Cundinamarca;2
00005821;Alexander Fredy Palacios;Carrera 5ª # 93-66 Etapa 1 apartamento 84 154802 Chivor, Boyacá;4
00005612;Cristian Andrés Calderón;Av. calle 2ª # 7-8 Este Bodega 19 687025 Curití, Santander;4
00005436;Luis Cabrera González;Dg. 9S # 6-33 Este 085939 Barranquilla;2
00005223;Eliana Pacheco Álvarez;Carrera 5G # 2-17 Este 151479 El Cocuy, Boyacá;2
00005170;Wilson Álvaro López;Cl. 22 # 4-5 Torre 3 apartamento 1 278440 Cértegui, Chocó;2
00005859;Jhon Caicedo;Transversal 53X # 72-34 Sur 238069 Puerto Escondido, Córdoba;3
00005184;Jorge Aguirre;Cl. 83 # 36-46 Sur 056319 Turbo, Antioquia;4
00005907;Guillermo Vargas;Avenida calle 3ª # 24M-18 Sur 730131 Rovira, Tolima;1
00004933;Alberto Meza;Tr. 8ª # 8-73 Sur 253518 La Mesa, Cundinamarca;3
00005786;Denis Lucía Tovar;Carrera 38 # 7-7 Sur Local 33 540873 Durania, Norte de Santander;3
00005822;Stiven Juan Meneses Pulido;Tr. 162 # 7-43 738474 Valle de San Juan, Tolima;2
00005810;Rita Aida Manrique;Carrera 117 Bis # 36-59 053755 San Francisco, Antioquia;3
00005613;Eugenia Murcia Ortiz;Cl. 24 # 86-5 Este 638238 La Tebaida, Quindío;1
00005828;Isabel Montoya;Calle 20 # 8T-12 Este Oficina 8 251778 Villeta, Cundinamarca;3
00005428;Óscar González;Calle 25D Sur # 81-8 Apto. 5 051646 San Pedro de los Milagros, Antioquia;2
00005578;Wilson Jairo Ojeda;Carrera 14 # 83-15 Este 255149 Gutiérrez, Cundinamarca;2
00005120;Alberto Carlos Ávila;Cr. 7ª # 1T-4 Sur 543461 Cáchira, Norte de Santander;1
00005813;Jhon Santiago Moreno;Cr. 9ª # 53-42 Este 475658 Sitionuevo, Magdalena;1
00005425;Yeison Fabián Rodríguez;Dg. 195 # 9-9 Local 871 850292 Hato Corozal, Casanare;2
00005485;Felipe Flórez Salcedo;Avenida calle 89 # 4-75 733270 Natagaima, Tolima;4
00005695;Julián Castañeda;Cr. 20 # 9X-2 Este 152703 Jenesano, Boyacá;2
00005284;Lorena Rosa Ruiz;Tr. 3ª # 6-73 153476 Sotaquirá, Boyacá;2
00005118;Jacqueline Hurtado;Carrera 1E Este # 99W-3 Apartamento 177 086694 Tubará, Atlántico;4
00005660;Wilmar Gilberto Pérez Blanco;Tr. 3B # 79-73 Este 134420 Soplaviento, Bolívar;3
00005478;Rosa Alvarado;Avenida calle 183 # 4-3 Sur 231731 Cereté, Córdoba;2
00005668;David Alirio Guzmán;Tr. 159K # 3-71 889545 San Andrés;4
00005541;Mery Tatiana Palacios;Tr. 35 # 1-5 Sur Bodega 35 683409 Guadalupe, Santander;4
00004893;Esmeralda Arboleda;Tr. 109K Bis # 21-47 Sur Bodega 948 701317 Coveñas, Sucre;1
00005057;Inés Quintero;Carrera 56M # 25-95 Este 054427 San Jerónimo, Antioquia;1
00005012;Nora Vanessa Chacón;Carrera 161 # 77-83 Sur Casa 13 527311 Gualmatán, Nariño;4
00005559;Angélica Carolina Pérez Marín;Cr. 31 # 5-2 Sur Torre 9 apartamento 88 685010 Suaita, Santander;3
00005420;Amparo Vargas Castañeda;Cr. 33 # 39Y-2 Este Casa 40 250536 El Rosal, Cundinamarca;4
00005584;Javier Patiño;Transversal 9ª # 3-79 761347 Roldanillo, Valle del Cauca;4
00004962;Jhon Muñoz;Carrera 181F Bis # 87-3 858687 Yopal;4
00005345;Diana Margarita Guerrero Ramírez;Cr. 55 # 60-9 057107 Concepción, Antioquia;3
00005573;Patricia Olga Vélez Hernández;Calle 121X # 25-8 Este Oficina 684 852618 Hato Corozal, Casanare;3
00005771;Esther Nidia Duque;Cl. 25L # 5-1 Sur 130743 Santa Catalina, Bolívar;4
00005357;Rubén Daniel Durán Estrada;Dg. 2 Bis S # 7-5 154200 San Miguel de Sema, Boyacá;3
00004936;Ferney Vergara;Carrera 10 # 2-3 Sur Torre 6 apartamento 89 734368 Cunday, Tolima;3
00005565;Eugenia Yaneth Herrera Martínez;Carrera 154W Bis Y # 13M-6 Este Torre 1 apartamento 15 862551 Orito, Putumayo;4
00005096;María Katherine Mesa;Carrera 125E # 93S-3 Este 200848 Astrea, Cesar;1
00005831;Angélica Sánchez Prada;Av. La Apartada # 5-6 Este 683965 Villanueva, Santander;4
00005747;Juliana Elizabeth Rodríguez;Cr. 89 # 35-9 Bodega 15 154979 Panqueba, Boyacá;3
00005268;Cecilia Xiomara Jiménez;Carrera 51 # 89-2 Sur 154363 Paz de Río, Boyacá;1
00005805;Javier Aguirre;Av. Suratá # 2-97 Sur Torre 8 apartamento 52 543990 Herrán, Norte de Santander;1
00005342;Orlando Fabián Rangel Tovar;Cr. 11 # 67-40 Este 206639 Bosconia, Cesar;4
00005032;María Ruiz Valencia;Carrera 166X Sur # 78-4 Este 150992 Busbanzá, Boyacá;3
00005841;Kelly Duarte Sierra;Cl. 31 # 5-21 199020 Villa Rica, Cauca;3
00005659;María Ortiz Vargas;Av. Tena # 62-72 Este Etapa 9 apartamento 41 085548 Ponedera, Atlántico;2
00005453;Alberto Cantillo Escobar;Tr. 4ª # 83-9 Sur 419239 Elías, Huila;4
00005245;Johanna Stella Cardona Angulo;Cl. 7ª # 28U-3 Este Local 5 194296 Suárez, Cauca;3
00005279;Concepción Gaitán;Av. carrera 79 # 8-1 150608 Ramiriquí, Boyacá;1
00005884;Ruth Sonia González Martínez;Carrera 32 # 12Q-7 Sur 814792 Puerto Rondón, Arauca;2
00004999;Jorge Mejía;Carrera 8K # 60-1 Sur 661739 Quinchía, Risaralda;4
00005053;Patricia Liliana Tovar;Carrera 31 # 67-77 Sur Apto. 616 817247 Saravena, Arauca;3
00005163;Rubiela Marcela Cardona Tovar;Transversal 40 # 5-8 Local 5 732603 Anzoátegui, Tolima;3
00005477;Jhonny José Silva Hurtado;Av. carrera 78 # 5-8 Apartamento 745 157137 Chivatá, Boyacá;1
00005318;Carlos Martínez Benítez;Dg. 10 # 6-2 Este 733440 Murillo, Tolima;4
00005006;Blanca Jaimes Osorio;Transversal 55 # 4-97 152359 Sativasur, Boyacá;3
00005688;Juan Medina Álvarez;Dg. 102H Sur # 4K-1 Sur Bodega 755 689807 Jordán, Santander;2
00004984;Alonso Juan Bohórquez;Calle 3ª # 20-8 Este Etapa 9 apartamento 37 764327 Tuluá, Valle del Cauca;3
00005552;Armando Jhonny Giraldo;Av. Candelaria # 7-27 Este 762216 Riofrío, Valle del Cauca;2
00005502;Rocío Gaitán;Cl. 50 # 7W-79 Sur 441466 Hatonuevo, La Guajira;3
00005122;Luz Rodríguez;Cr. 24 # 1-7 Este 251101 Tenjo, Cundinamarca;4
00005614;Jonatan Néstor Vergara Uribe;Diagonal 74Y # 2R-17 411709 Gigante, Huila;2
00005260;Paola Restrepo Vanegas;Carrera 191 # 2-3 Sur 089065 Juan de Acosta, Atlántico;4
00005146;Luis Vanegas Zapata;Cr. 48 # 70H-5 Este Apto. 55 521681 Nariño, Nariño;3
00005450;Alfonso Gallego García Reyes;Calle 2ª # 2P-6 Oficina 1 050019 Santa Fé de Antioquia, Antioquia;4
00005182;Olga Socorro Castaño Guerrero;Cl. 5U # 95T-6 Sur Apartamento 9 687316 San Gil, Santander;4
00005326;Diana Valentina Pérez;Avenida carrera 78 # 2N-61 054028 Jericó, Antioquia;1
00005215;Carlos Quintero Gómez;Carrera 6ª # 9Y-40 Este 059730 Ebéjico, Antioquia;3
00005009;María Vera;Carrera 83 # 3-4 Este Apto. 17 201000 Pailitas, Cesar;1
00004983;Julián Luis Castaño;Calle 115R # 44-7 Sur Etapa 2 apartamento 2 544137 Los Patios, Norte de Santander;1
00004937;Rosalba Martínez;Carrera 175S # 2H-78 Este 176516 Filadelfia, Caldas;4
00005222;Carolina Yolanda Montes;Tr. 3T Bis # 1-56 Este Apto. 25 544288 El Zulia, Norte de Santander;2
00004934;Paola Díaz Mora;Avenida carrera 8ª # 25-6 Sur Apartamento 309 857172 Maní, Casanare;4
00005327;Andrés Eduardo Díaz;Transversal 153 # 86-7 058767 La Ceja, Antioquia;3
00005333;Judith Sandra Quiroga;Calle 8ª # 4-9 Este Torre 7 apartamento 675 050881 Frontino, Antioquia;1
00004994;Diana María Parra;Cl. 56 # 1-90 Sur Casa 98 527631 Cumbal, Nariño;4
00004944;Julio Carlos Pinto Monsalve;Av. Agua de Dios # 9-49 Sur 150300 Buenavista, Boyacá;4
00005790;Silvia Angélica Mesa Palacio;Tr. 118 # 56-4 Sur Etapa 1 apartamento 6 734548 San Antonio, Tolima;1
00004920;Sandra Andrea Silva Pinzón;Cr. 98 # 66I-72 050239 Bello, Antioquia;2
00005856;Adolfo García;Cl. 91 # 14-6 059797 San Francisco, Antioquia;3
00005525;Patricia Alejandra Pineda;Av. carrera 72 # 33I-69 Local 41 200366 Valledupar;1
00005183;Jesús Montes Gutiérrez;Carrera 5K Sur # 34-96 Sur Torre 2 apartamento 74 134402 San Fernando, Bolívar;2
00005532;Luis Valencia Martínez;Avenida Gildardo Morales # 32-27 Este 705821 La Unión, Sucre;4
00004982;Stella Leidy Cardona;Calle 2D # 16D-9 Torre 2 apartamento 9 700541 Chalán, Sucre;1
00005161;Andrés Franco;Calle 9 Bis Z # 4-8 Este 254962 Susa, Cundinamarca;1
00005185;Johanna Isabel Córdoba;Cr. 87V # 41-2 683632 Puente Nacional, Santander;1
00005782;Sandra Ariza;Cl. 191M Bis # 6-1 Sur 411877 La Plata, Huila;2
00004916;María López Jiménez;Cl. 67P # 22Q-58 762556 Trujillo, Valle del Cauca;2
00004926;Xiomara Clara García Hurtado;Dg. 66 # 50-80 Este Torre 3 apartamento 98 159454 El Espino, Boyacá;1
00005384;Inés Eugenia Mora;Cr. 46 # 43-33 Este Etapa 9 apartamento 59 762844 San Pedro, Valle del Cauca;4
00005873;Nury Lida Sarmiento García;Carrera 57H Sur # 3-14 Sur 253924 La Palma, Cundinamarca;4
00005523;Paula Rodríguez Vallejo;Calle 166C Bis # 9-6 Este Etapa 3 apartamento 461 082840 Palmar de Varela, Atlántico;4
00005455;Maicol Jaime López;Cr. 148 # 2H-2 Sur Local 95 735020 Ambalema, Tolima;4
00005692;Yuly Moreno Ávila;Dg. 159 # 4-2 Este 418129 Timaná, Huila;2
00005529;Martha Patricia Zambrano;Calle 182 # 68-28 Sur 239353 Ayapel, Córdoba;2
00005865;María Salas Suárez;Avenida carrera 6ª # 82-9 Sur Casa 5 524754 Pasto;1
00005684;Nancy María Sánchez;Tr. 85 # 2-4 Este Apto. 367 706222 Sampués, Sucre;4
00005534;Eduardo Walter Mosquera;Tr. 8P # 74-67 Sur Local 885 949832 Puerto Colombia, Guainía;3
00005743;Ligia Pineda Silva;Av. Atlántico # 17-6 Este Bodega 75 546838 Cucutilla, Norte de Santander;1
00004891;Lucía Rincón;Carrera 8D # 6-17 951859 San José del Guaviare;4
00005522;Ximena Luz Rosero;Carrera 4N # 74-8 Apto. 82 529567 Colón, Nariño;1
00005172;Janeth Torres;Av. carrera 45 # 10-4 Sur 734065 Santa Isabel, Tolima;1
00005442;Jhonny Gustavo Navarro Garzón;Calle 101E # 8-4 Sur 084214 Tubará, Atlántico;4
00005405;Clemencia Vargas Salas;Carrera 7ª # 35H-5 Este Casa 82 768413 Yumbo, Valle del Cauca;1
00005042;Germán Andrés Galvis;Carrera 82 # 2-6 Este 050532 Bello, Antioquia;1
00004941;Augusto Acevedo;Cl. 168J # 51-48 520994 Aldana, Nariño;1
00005456;Jessica González Villa;Av. carrera 103 # 71-6 Apto. 62 185800 Albania, Caquetá;3
00005370;Luis Antonio Sánchez Giraldo;Calle 44 # 7-68 Apto. 33 704476 San Marcos, Sucre;1
00005431;Marcela Rosero Lozano;Avenida calle 55 # 2-6 Oficina 692 520920 Olaya Herrera, Nariño;4
00004921;María Nayibe Bonilla;Transversal 97 # 50-12 Este Apartamento 3 250682 Guatavita, Cundinamarca;1
00005247;Álvaro Andrey Serrano;Avenida carrera 145 # 67-4 Sur Bodega 11 057721 El Bagre, Antioquia;3
00005159;Omar Medina;Diagonal 187 # 3-2 Torre 1 apartamento 703 057184 Puerto Berrío, Antioquia;2
00005219;Luis Benavides Ramos;Transversal 36X Este # 23-4 Este 235586 Ayapel, Córdoba;4
00005358;Adriana Guerrero;Cl. 9Y # 77-5 Sur Casa 60 199760 Rosas, Cauca;1
00005608;Marcela María Álvarez Romero;Cr. 41 # 3-4 Bodega 894 058038 Santa Bárbara, Antioquia;1
00005839;Lucero Osorio;Transversal 41 # 89-4 Sur 526404 San Pablo, Nariño;3
00005853;Alfredo Augusto Ramírez;Cr. 49 # 57-21 254912 La Mesa, Cundinamarca;2
00005575;Fabián López;Cl. 145Q Sur # 11L-84 Este 172838 Anserma, Caldas;2
00005705;José Pérez Gómez;Cr. 138V # 4-46 Sur 549318 Silos, Norte de Santander;1
00005738;María Herrera González;Cl. 26I # 74-6 Este Apartamento 69 159452 Santa María, Boyacá;1
00005883;Augusto Álvarez;Diagonal 39 # 20-27 Apto. 9 470461 El Piñón, Magdalena;1
00005233;Carlos Salazar Morales;Avenida calle 176 # 29-66 Oficina 93 192906 Morales, Cauca;4
00005540;Juan Álvarez Jiménez;Carrera 5M Sur # 9-7 Sur Torre 8 apartamento 15 192783 Puracé, Cauca;4
00005076;María Díaz Valencia;Cl. 11 # 4-87 Sur Casa 49 056535 Guarne, Antioquia;3
00005300;Pedro Sepúlveda;Cl. 8ª # 64-6 Este 056882 Retiro, Antioquia;4
00005800;Augusto Antonio Cardozo;Tr. 97 # 9-4 Este Etapa 8 apartamento 3 700176 La Unión, Sucre;3
00004989;Yurani Erazo Rangel;Cl. 3ª # 8-2 Este Casa 17 053749 La Pintada, Antioquia;2
00005563;Ligia Paola Ceballos Blanco;Cl. 24 # 7I-89 Sur Casa 85 527256 Aldana, Nariño;1
00004895;Fredy Forero Bolívar;Diagonal 122C # 81-9 448213 Fonseca, La Guajira;1
00005788;Katherin Quintero;Av. Yuli Carmen Padilla Sánchez # 5-5 199204 Morales, Cauca;4
00005140;Yeferson Iván Castañeda;Calle 1C # 6-9 Este Local 900 151108 Monguí, Boyacá;2
00005274;Martha Shirley Murillo;Calle 81 # 94-6 Este Apartamento 908 739397 Villarrica, Tolima;2
00005730;Julián Giovanni Hernández Aguirre;Calle 1Q # 6-9 Bodega 414 200238 La Paz, Cesar;3
00004990;Luz Ruth Quintero Duarte;Cl. 65O # 21D-3 Torre 3 apartamento 87 059323 Concordia, Antioquia;2
00004977;Martha Camacho García;Calle 73 # 66A-33 Sur Apartamento 909 059861 Montebello, Antioquia;4
00005195;José Jaime Velásquez;Avenida Augusto Cárdenas Londoño # 39U-76 736451 Ambalema, Tolima;2
00005126;Olga Ávila;Carrera 71 # 35P-2 Sur Torre 1 apartamento 45 233342 Tuchín, Córdoba;2
00005410;Hugo Rodríguez;Cl. 163 # 9C-9 Este Etapa 3 apartamento 1 253649 Yacopí, Cundinamarca;3
00005343;Valentina Correa;Calle 186D # 18T-4 Sur Bodega 59 686332 Macaravita, Santander;3
00005003;Luis Hernández Sandoval;Avenida calle 1ª # 46R-4 Este Torre 7 apartamento 41 154739 Guacamayas, Boyacá;1
00005363;Inés Rosa Reyes;Tr. 1W # 2I-68 Bodega 993 689978 Zapatoca, Santander;3
00005415;José Abel Soto;Carrera 35 # 10-87 Este Casa 3 505533 San Juan de Arama, Meta;3
00004938;Carlos Correa;Cr. 5ª # 2-16 Este 053414 La Ceja, Antioquia;3
00005008;Lilia Diana Medina;Cr. 129 Bis # 33-7 Sur Apartamento 73 173528 Villamaría, Caldas;4
00005432;Julio Torres Ospina;Avenida Arauca # 6T-7 Local 44 252588 La Vega, Cundinamarca;1
00005876;Camilo Miranda Bastidas;Cr. 193O Bis # 7-4 Sur Apto. 3 252649 Nariño, Cundinamarca;1
00005334;Ingrid Laura Patiño Quintero;Avenida Tolima # 80-7 Sur 055264 Anorí, Antioquia;4
00005304;Pablo Giraldo González;Avenida Silvia Milena Gómez Muñoz # 17-2 Sur Etapa 4 apartamento 9 279856 El Cantón del San Pablo, Chocó;3
00004898;Ana Lorena Castro;Calle 4ª # 19Q-61 Sur 083167 Suan, Atlántico;1
00004998;Andrés Julián Romero Toro;Cr. 3ª # 2-73 Este 130298 Regidor, Bolívar;1
00005812;Fernando Yesid Rojas;Cr. 198 # 7-4 Sur Apartamento 7 689734 Lebrija, Santander;2
00005199;Jorge Carlos Camacho;Cr. 16 # 19X-5 Sur 763533 Versalles, Valle del Cauca;1
00005770;Nelly Claudia Muñoz Pineda;Calle 7ª # 7-36 Este Apartamento 86 764426 Ulloa, Valle del Cauca;3
00005795;Damaris Cecilia Acosta Correa;Cl. 11 # 2D-14 Torre 1 apartamento 5 765215 Andalucía, Valle del Cauca;2
00005631;Maricela Omaira González Ortega;Cl. 63 # 2-1 Este Torre 9 apartamento 265 688541 Suratá, Santander;1
00005044;Tatiana González Parra;Transversal 12 # 25-12 Este 255084 Villapinzón, Cundinamarca;3
00005224;Katherin Alejandra Castro Valencia;Avenida calle 90 # 93-44 Este Local 439 198931 Popayán;1
00005256;Carlos Mateo Martínez;Calle 86 # 3-12 Sur 252398 Fómeque, Cundinamarca;1
00005418;Alfonso Ríos Flórez;Carrera 130 # 39-1 Este Apto. 2 207456 San Diego, Cesar;2
00005890;Nancy Johana Ceballos;Cl. 29 # 5-83 Etapa 6 apartamento 391 449811 Maicao, La Guajira;1
00005510;Yolanda Elizabeth Caicedo;Avenida calle 28 # 49-1 Sur 913388 Mirití - Paraná, Amazonas;1
00004953;Nubia Yamile Paz;Cl. 67 # 34-2 Sur Local 79 198343 Corinto, Cauca;3
00005451;Mauricio Ruiz;Tr. 53 # 41-9 Torre 2 apartamento 90 419707 Tesalia, Huila;3
00005166;Elena Gina Meneses;Calle 1ª # 97P-15 Sur 660507 Pereira;4
00005443;Jorge Vargas Cabrera;Calle 48 # 60-2 255750 Chipaque, Cundinamarca;3
00005794;Daniela Josefina Mosquera;Carrera 60 # 7-4 Sur 541554 Ragonvalia, Norte de Santander;1
00005658;David Bedoya;Av. carrera 73 # 44N-76 Este 700424 El Roble, Sucre;2
00005470;Andrés Perdomo Barragán;Diagonal 9A Sur # 1-1 Este 153020 Sativasur, Boyacá;3
00005480;Marina Moreno;Calle 8ª # 8-6 Este 050703 Itagüí, Antioquia;3
00005894;Carolina Moreno Moreno;Calle 86 # 48-5 Bodega 32 085873 Puerto Colombia, Atlántico;1
00005049;Omar Páez Mosquera;Carrera 13 # 3-64 Etapa 9 apartamento 232 250952 Villagómez, Cundinamarca;1
00005887;Elizabeth Rodríguez;Transversal 51U # 56-6 Este 186692 Valparaíso, Caquetá;1
00005162;Leidy Ortiz;Carrera 85U # 5R-49 Este Oficina 5 170374 Salamina, Caldas;4
00005843;Orlando Camilo Serrano Ardila;Calle 139A # 4-9 686613 Bucaramanga;1
00005481;Raúl Escobar Tovar;Tr. 96 # 3-4 Sur 233406 Puerto Escondido, Córdoba;2
00005594;Paula Mercedes Vega Polo;Cl. 4O # 1G-39 Este 521120 La Llanada, Nariño;4
00005519;Wilson Castro;Avenida carrera 136 # 4-7 Etapa 5 apartamento 72 974830 Mitú;4
00005811;Ingrid Orozco Ordóñez;Carrera 44 # 40N-3 Este 252978 Yacopí, Cundinamarca;2
00005483;María Bernal;Cl. 13 # 52-5 058922 Copacabana, Antioquia;3
00005556;Leidy Bohórquez;Dg. 97P # 24-70 Este Local 5 730495 Flandes, Tolima;3
00005254;Alejandro Castro Valencia;Cl. 37Q # 85-2 Bodega 95 680846 Confines, Santander;3
00004919;Luis Bedoya Medina;Cr. 67 # 17-23 Este Bodega 63 257746 Apulo, Cundinamarca;1
00005261;Luz Hoyos;Av. carrera 113 # 61-2 Sur Apartamento 529 449367 Albania, La Guajira;3
00005194;Carmen Bertha Hernández;Avenida calle 31 # 7-27 Sur 252388 Guayabal de Síquima, Cundinamarca;2
00005391;Eduardo José López Hurtado;Carrera 46 # 64-6 Este Torre 2 apartamento 748 157271 Tutazá, Boyacá;4
00005235;Cristina Arias Pérez;Cl. 64Y # 6-82 Sur Torre 4 apartamento 210 170947 Victoria, Caldas;2
00005281;Marta Espitia Franco;Dg. 8ª # 83-7 681153 Jesús María, Santander;4
00004995;Pedro Carlos Sierra Barrios;Avenida carrera 137 # 83-39 Sur Apartamento 19 419871 Gigante, Huila;3
00005751;Santiago Raúl Ávila;Cr. 63 # 86B-1 Este Casa 5 768414 El Dovio, Valle del Cauca;4
00005029;Elías Medina;Carrera 1B # 40O-6 683913 Puerto Parra, Santander;2
00004908;Eduardo Carlos Carvajal;Calle 50 # 57B-7 Sur Apartamento 5 258502 Machetá, Cundinamarca;1
00005905;Magaly Beatriz Vargas;Cl. 8P # 25-6 Este 235225 Cotorra, Córdoba;3
00004924;Eugenia Silva;Av. Nariño # 1-8 Local 4 057319 Puerto Nare, Antioquia;4
00005419;Camilo Cuesta;Cl. 124 # 32-58 Apto. 75 058579 Granada, Antioquia;4
00005031;Carolina Pérez Herrera;Transversal 101 # 94-9 Este 158617 La Uvita, Boyacá;2
00005482;Rodrigo Pacheco;Calle 3X # 5-78 865063 Mocoa;1
00005707;Javier Fonseca;Carrera 6ª # 6-5 Apto. 59 152361 Puerto Boyacá, Boyacá;3
00004901;Carlos Enrique Caballero;Cl. 51 # 81-1 Este Casa 8 052077 La Unión, Antioquia;4
00005328;Piedad Carmenza Ariza;Avenida calle 110 # 98-10 057315 Puerto Nare, Antioquia;1
00005449;Juan Smith Valderrama;Cr. 7D # 81W-94 Este Etapa 9 apartamento 7 195434 Timbío, Cauca;4
00005344;José Díaz;Av. carrera 127 # 97-58 Este 172129 Filadelfia, Caldas;2
00005852;Felipe Sánchez Ramírez;Cl. 75 # 99-28 Este 252725 Choachí, Cundinamarca;4
00005628;Carlos Carlos Torres;Av. carrera 5ª # 1-1 546507 Ragonvalia, Norte de Santander;3
00005231;Nelly Gómez;Calle 33 Bis G # 9-4 Sur Bodega 9 154912 Chivor, Boyacá;2
00005652;Rubén Acosta;Cl. 89 # 1-9 Este 997867 Cumaribo, Vichada;4
00005717;Pedro Juan García Martínez;Carrera 9ª # 85-3 Sur 176044 Manizales;4
00004899;Elena Vélez García;Cl. 1C # 97-26 Sur 733861 Rovira, Tolima;1
00005129;Cristina Rocío Castillo López;Transversal 106X # 7-54 Este Casa 84 470158 Concordia, Magdalena;1
00005369;Nora Adriana García Guerra;Cl. 30 # 5-99 Sur Apto. 15 250907 Paime, Cundinamarca;3
00005515;Alcira Carmen Naranjo Valencia;Cl. 99 # 6-3 Sur 862664 Valle del Guamuez, Putumayo;3
00005862;Ricardo Ávila;Cl. 53 # 71-2 Este 254416 Nimaima, Cundinamarca;3
00004918;Alejandro Medina;Transversal 98 # 29-39 Local 6 411807 Pitalito, Huila;4
00004972;Liliana Nelly Salazar Gutiérrez;Cr. 106 # 7-58 Este 523657 San Lorenzo, Nariño;4
00004946;Héctor Manuel Rincón Ojeda;Av. calle 110 # 8D-66 Este 542317 Cácota, Norte de Santander;2
00005488;Norma Ortiz Meza;Av. calle 15 # 39-77 855060 Recetor, Casanare;4
00005109;Angie Palacio;Cr. 21 # 1-2 150960 Siachoque, Boyacá;4
00005840;Daniela González;Cr. 143R Bis # 20-42 Este Casa 3 159684 Pachavita, Boyacá;1
00005023;Stella Sofía Vanegas Monroy;Calle 74 # 1-85 Este 252433 Carmen de Carupa, Cundinamarca;2
00005341;Martha Silvia Pérez Bonilla;Cr. 70 Bis Z # 3-3 Este Local 855 680955 San Vicente de Chucurí, Santander;3
00005063;Jairo Galindo;Tr. 97 # 82B-7 Sur Bodega 55 250786 Jerusalén, Cundinamarca;1
00005607;Paola María Herrera Soto;Calle 57 # 83-53 Bodega 244 253896 El Rosal, Cundinamarca;2
00005119;Liliana Rodríguez Muñoz;Av. carrera 147 # 76-60 Este Oficina 4 471958 Tenerife, Magdalena;3
00005577;Lucy Guevara Reyes;Cr. 1ª # 47-75 Sur 258435 Girardot, Cundinamarca;4
00005896;Elisa Moreno;Calle 48 # 4-9 767789 Sevilla, Valle del Cauca;1
00005212;Alonso Roa;Diagonal 73 # 4-63 Sur 055353 San Rafael, Antioquia;1
00005289;Leonardo Alexis Cano Bohórquez;Avenida López # 1-92 Sur 207662 San Martín, Cesar;3
00005670;Marta Hoyos Gutiérrez;Avenida Sánchez # 89-3 Este Bodega 52 196576 Patía, Cauca;4
00005271;Jairo Córdoba;Cl. 164 Bis P # 9-1 Sur Bodega 98 685166 Charalá, Santander;2
00005708;Juliana Carmen Castillo;Transversal 23 # 1-1 Sur Oficina 5 252820 Agua de Dios;2
00005339;Diego Navarro;Carrera 154 # 90-6 Este 056645 Heliconia, Antioquia;3
00005860;Patricia Castro Narváez;Carrera 47 # 40-3 Este 234419 Buenavista, Córdoba;1
00005238;Alexander Arango;Avenida Fernanda Perdomo Uribe # 34-25 Sur 158189 Ventaquemada, Boyacá;4
00005566;Andrea Paola Martínez Molina;Calle 98 # 11W-2 417117 Nátaga, Huila;1
00005906;Ángel Luis Silva Rivera;Tr. 185 # 39-58 Este Apartamento 22 523524 Cuaspud Carlosama, Nariño;4
00005663;Alejandra Nelly Luna;Cl. 70 # 89Q-8 Sur Apartamento 9 059713 Angostura, Antioquia;2
00004970;Olga Mercedes Ordóñez;Avenida carrera 50 # 24-85 Sur Local 8 475542 Santa Bárbara de Pinto, Magdalena;4
00005251;Luis Germán Muñoz Herrera;Carrera 55 # 2-45 Sur Etapa 5 apartamento 9 766553 La Cumbre, Valle del Cauca;4
00005497;Gloria Trujillo;Tr. 9ª # 5-80 Este Apartamento 6 159687 Soatá, Boyacá;1
00005375;Jhon Escobar Durán;Diagonal 34 # 2-65 Torre 9 apartamento 23 154079 Busbanzá, Boyacá;4
00005469;Leonardo Juan Moreno León;Carrera 21 # 8V-96 Casa 27 992715 Cumaribo, Vichada;3
00005760;Jhon González Barrios;Calle 8ª # 4-1 Este Apto. 34 278741 San José del Palmar, Chocó;1
00005413;Ana Patricia Palacios;Carrera 80 # 2-4 Local 24 733212 Alvarado, Tolima;1
00005263;Paula Pérez Vásquez;Calle 6B # 91-3 Sur Torre 3 apartamento 1 059977 Sopetrán, Antioquia;1
00005019;Hermes Osorio Muñoz;Cr. 76 # 2M-80 Este 209228 La Jagua de Ibirico, Cesar;3
00005444;Carlos Luna García;Av. Cruz # 24-8 Este 542269 Cácota, Norte de Santander;4
00005729;María María Cifuentes;Dg. 33 # 7-2 Este Casa 33 529012 Guaitarilla, Nariño;2
00005090;Yaneth Vélez;Calle 20 # 36-37 Sur Apto. 981 279881 Medio Atrato, Chocó;3
00005055;Jorge Alberto Castillo Uribe;Cl. 78 # 34-37 Sur 052585 Carolina, Antioquia;3
00005061;Mercedes Muñoz Hernández;Calle 41 # 30-55 Sur Local 372 158941 Almeida, Boyacá;2
00004910;Flor Sandra Bonilla Córdoba;Cl. 20 # 3-4 Oficina 6 665659 Guática, Risaralda;2
00005034;Adriana Ana Gómez Arévalo;Avenida calle 6ª # 20-5 Sur 477432 Santa Marta;3
00005618;Cecilia León Arteaga;Carrera 52 # 3-1 Este Etapa 8 apartamento 9 084811 Manatí, Atlántico;2
00005169;Vanessa Salazar;Av. carrera 143 # 3-11 Sur 174395 Manizales;1
00005536;Carol Ramírez Jaramillo;Carrera 92 # 5-1 Este Casa 3 192170 Popayán;1
00005680;Andrea Emilia Rojas;Avenida calle 171 # 90Q-77 Este Bodega 35 277273 Bojayá, Chocó;4
00005817;Julieth Sánchez Díaz;Cl. 136K # 3Q-28 Local 91 685693 Aratoca, Santander;1
00005152;Dayana Flórez Córdoba;Cl. 24 # 12-6 Este 150584 Labranzagrande, Boyacá;1
00005249;Lina Adriana Montoya;Calle 186 # 89-5 Sur 253288 Cajicá, Cundinamarca;4
00005656;Rocío Arenas Agudelo;Cr. 93 # 69-3 Torre 2 apartamento 99 685451 California, Santander;2
00005599;Gloria Henao Sánchez;Calle 17 # 5-8 Este Torre 3 apartamento 242 522789 Aldana, Nariño;2
00005801;Jairo Jonathan Vásquez;Carrera 142E # 30-77 Bodega 87 154097 Moniquirá, Boyacá;3
00004935;Víctor Ramírez Sánchez;Cr. 83 # 41-1 Sur 237809 Ciénaga de Oro, Córdoba;3
00005229;Joel Carlos Blanco Martínez;Carrera 10 # 36-1 Este Apartamento 771 050231 Santa Fé de Antioquia, Antioquia;4
00005332;María Lucy Barbosa;Calle 179 # 7-31 Sur Local 75 761745 Riofrío, Valle del Cauca;1
00004952;Diana Morales García;Calle 67 # 7J-71 Este Etapa 5 apartamento 20 250649 Quipile, Cundinamarca;1
00005335;Ofelia Pinzón;Calle 1G # 51-89 Este Apartamento 57 258787 Yacopí, Cundinamarca;1
00005697;Luz Liliana Guerra Rodríguez;Carrera 51 # 9-1 506589 Granada, Meta;2
00005792;Elena Deisy Vergara;Dg. 1 Bis U # 4-47 Este 157581 Garagoa, Boyacá;2
00005288;Gina Torres Rojas;Cl. 87I # 64-9 Este 057458 Angelópolis, Antioquia;3
00005676;Augusto Cárdenas;Dg. 60 # 9-4 201495 Aguachica, Cesar;3
00005151;Marleny Luz Arroyo;Carrera 25T # 61-2 Este Local 100 207451 González, Cesar;4
00005496;Leidy Tania Martínez;Carrera 79 # 9-7 Casa 69 234252 Puerto Libertador, Córdoba;2
00005064;José Alexis Méndez Hernández;Cl. 1O # 3-49 Sur 259454 Funza, Cundinamarca;2
00005809;Ingrid Elizabeth Muñoz;Diagonal 104 # 16-6 257244 Ricaurte, Cundinamarca;1
00005157;Dario Trujillo Arias;Carrera 192 # 7-9 Sur Oficina 56 052529 Caracolí, Antioquia;2
00005389;María Sonia Pérez Reyes;Tr. 16 # 6-91 Este Bodega 601 156855 Puerto Boyacá, Boyacá;4
00005131;Jhon Torres Rueda;Carrera 180 # 72-30 197326 Piamonte, Cauca;2
00005574;Milena Rosa Vargas;Carrera 46X # 48-36 Este 051741 Puerto Berrío, Antioquia;2
00005236;David Ruiz;Carrera 22 # 64-5 Apartamento 80 852628 Maní, Casanare;2
00005060;Marcela Mejía Rodríguez;Cr. 6K # 43K-9 Sur Apartamento 196 179700 Supía, Caldas;1
00005569;Óscar Ayala;Diagonal 125L # 99-16 Este Apartamento 33 522440 Yacuanquer, Nariño;1
00005739;Adriana Murillo Sánchez;Cl. 1ª # 8-30 Sur 732601 Purificación, Tolima;3
00004922;Germán Uribe;Carrera 5V Bis # 1-84 131761 El Peñón, Bolívar;4
00005308;Hilda Gilma Henao Mosquera;Av. La Guajira # 2-71 Sur 686307 San Benito, Santander;2
00005845;Harold Iván Osorio;Avenida Murindó # 4D-6 Sur Apartamento 49 543936 Santiago, Norte de Santander;3
00005033;Luz Lady Tovar;Av. carrera 8ª # 50M-81 Este 442095 Maicao, La Guajira;4
00005527;Isabel Gómez;Calle 27 # 46-17 Este 206017 Astrea, Cesar;2
00005493;Guillermo Juan Orozco;Avenida Quintero # 4J-84 050110 Andes, Antioquia;1
00005804;Carlos Agudelo;Carrera 159 # 9-99 Sur Torre 1 apartamento 159 050983 Medellín;4
00005586;Patricia Sandra Rodríguez Miranda;Cl. 15O # 4-8 Sur Apto. 65 151766 Santa María, Boyacá;3
00005881;Ligia Mosquera;Avenida calle 16 # 7-7 Este Etapa 9 apartamento 241 680591 Concepción, Santander;3
00005396;Luis Oswaldo Estrada;Diagonal 57 # 9D-1 Sur 051366 Anzá, Antioquia;2
00005605;Astrid Agudelo;Calle 91 # 78M-8 Sur Casa 48 689227 San Miguel, Santander;2
00005438;Antonio Camacho Molina;Diagonal 181 # 78-5 Sur Casa 20 503605 Vistahermosa, Meta;3
00005376;Martha Cifuentes;Cr. 153C # 86-89 Oficina 456 523889 Arboleda, Nariño;4
00005808;Marco López Velasco;Calle 13 # 55M-1 Etapa 3 apartamento 55 768160 Ansermanuevo, Valle del Cauca;1
00004931;César Campo Quintero;Calle 28B # 36-65 250940 La Vega, Cundinamarca;3
00005416;Edgardo Luis Villa García;Av. Mónica Sarmiento # 31-39 Oficina 3 479630 Guamal, Magdalena;3
00005173;Erika María Restrepo Martínez;Av. carrera 137 # 8-4 Oficina 6 196875 Popayán;2
00005590;Alfredo Luis Galvis Rodríguez;Avenida Agua de Dios # 43-71 Este Apto. 4 114507 Bogotá, D.C.;1
00005211;María Emilse Navarro;Cr. 1ª # 81W-5 Sur Etapa 4 apartamento 87 152258 Pachavita, Boyacá;2
00005685;Sandra Milena Jaimes;Carrera 4ª # 3-2 Este 684126 Jordán, Santander;1
00005089;Stiven Gabriel Cortés;Cr. 80 # 62N-3 Torre 6 apartamento 17 760437 Dagua, Valle del Cauca;1
00005207;Andrea Dayana Cantillo Rico;Cl. 193S # 10-9 Sur 731891 Natagaima, Tolima;3
00005533;Laura Parra;Cl. 94 # 61-62 056352 Tarazá, Antioquia;4
00005858;Lina Leidy Bernal Cardona;Cr. 34Y Sur # 55-2 Sur Apartamento 99 187374 Florencia;2
00005736;Juan Alexander Chávez;Carrera 69 # 51V-74 Sur 256736 Zipacón, Cundinamarca;1
00004928;Lidia Beatriz Rincón;Cr. 26 # 88-38 449509 Albania, La Guajira;2
00005248;Esperanza Rojas López;Av. calle 5ª # 20-20 Local 46 706981 Galeras, Sucre;1
00005021;Fernanda Mosquera;Av. Nobsa # 83-2 542018 Bochalema, Norte de Santander;1
00005666;Gladys González;Tr. 27 # 59-87 Sur 662201 Balboa, Risaralda;2
00005475;Catalina Herrera Galvis;Calle 6 Este # 48-60 852438 Maní, Casanare;2
00005780;Mario Valencia;Calle 42 # 4-6 526359 Colón, Nariño;2
00005305;Patricia Giraldo;Carrera 89 # 4-20 542927 Bochalema, Norte de Santander;3
00004883;Fernanda Morales Cruz;Calle 3ª # 3U-66 Este 131826 San Estanislao, Bolívar;2
00005125;Andrés Sierra Marín;Carrera 80K # 7U-90 523668 Pupiales, Nariño;1
00005388;Wilson Jonathan Torres Ríos;Dg. 45 Este # 2-69 Este 545389 Santiago, Norte de Santander;3
00005626;Dairo Javier Sánchez;Cr. 91 # 4-16 Local 86 157774 Covarachía, Boyacá;1
00005258;Dario Muñoz Vargas;Av. Gladys María Ojeda # 55-74 Sur 708113 Caimito, Sucre;2
00005664;Janeth Hernández;Cr. 4Z # 76-9 Sur 158839 Firavitoba, Boyacá;4
00005648;Héctor Ayala Díaz;Calle 20 # 37-1 Casa 1 051935 El Santuario, Antioquia;3
00005313;María López Triana;Cl. 51 # 9-74 Bodega 44 528438 Funes, Nariño;3
00004930;Patricia Ingrid Castillo;Carrera 13 # 2-5 Sur 250433 Fómeque, Cundinamarca;4
00005088;Irene Moreno;Carrera 84 # 84-28 Este Apto. 8 159296 Chitaraque, Boyacá;1
00005772;Bernardo Gómez Camargo;Cl. 24W # 34U-2 Sur Etapa 6 apartamento 440 732850 Carmen de Apicalá, Tolima;3
00005486;Andrés Carlos Mosquera;Av. carrera 2ª # 3-9 Este Etapa 9 apartamento 39 055379 Nariño, Antioquia;4
00005797;Alejandra Castro Castaño;Cr. 10 # 61-43 Este 708939 Sucre, Sucre;1
00005657;Luz Gloria López Amaya;Carrera 94 # 5H-60 Este 256993 Caparrapí, Cundinamarca;4
00005154;Fredy Hernández Guzmán;Cl. 86K # 6-5 Este Oficina 11 252056 Apulo, Cundinamarca;4
00005142;Flor Sánchez;Cr. 11 # 5-9 Sur Local 63 854245 Sabanalarga, Casanare;4
00005726;Mary Mónica Núñez García;Cl. 3ª # 45-4 Sur 689147 Vélez, Santander;2
00005701;Yuly Milena Moreno López;Calle 85 # 3-57 Sur 250156 Bojacá, Cundinamarca;1
00004925;Cecilia Socorro Reyes Sepúlveda;Calle 98 # 9-14 Este Bodega 56 252596 Guayabal de Síquima, Cundinamarca;2
00005412;José Andrés Bernal;Avenida carrera 1ª # 92-21 Sur 278003 El Cantón del San Pablo, Chocó;1
00005004;Catalina Johana Álvarez;Cr. 52 Bis # 1-8 Sur Apto. 995 731892 Alvarado, Tolima;3
00005464;Luz Montes;Cl. 30K # 18-3 Este Apto. 30 057189 Puerto Triunfo, Antioquia;4
00005041;Andrea Moreno Caro;Cr. 192 # 90I-1 Sur Bodega 99 764418 Florida, Valle del Cauca;1
00005755;Luz Ramos Vera;Calle 65M # 16-4 Sur 171330 La Dorada, Caldas;4
00005691;José Rafael Martínez Rodríguez;Calle 24 # 8-20 918167 Puerto Arica, Amazonas;1
00005192;María Ramos Hernández;Cr. 2ª # 83-22 Este 055620 Frontino, Antioquia;4
00005317;Carmen Dora Romero;Avenida Huila # 4-61 Este Apartamento 349 765883 Restrepo, Valle del Cauca;4
00005361;Alexandra Paula Sánchez Pérez;Avenida calle 164 # 4-6 Este Bodega 23 529681 Potosí, Nariño;4
00005649;Oswaldo Palacios Vargas;Tr. 7ª # 46H-40 Sur 257719 Soacha, Cundinamarca;3
00005748;María Wendy García Ruiz;Av. calle 149 # 27-1 Sur 051528 Segovia, Antioquia;1
00005147;Esperanza Ospina;Cl. 7ª # 3C-98 Sur 255694 Carmen de Carupa, Cundinamarca;2
00005232;Valentina Buitrago Pérez;Dg. 96 Este # 4-39 705449 San Onofre, Sucre;2
00005472;María Ana Hurtado;Calle 103 # 7-63 197486 Sotará Paispamba, Cauca;3
00005885;Christian Cardozo;Diagonal 9ª # 36-4 Este 689306 Chipatá, Santander;4
00005759;Camilo Darwin Martínez;Calle 62 # 68C-7 Este 252159 Guasca, Cundinamarca;4
00005693;Alberto Ramírez Villa;Calle 88 # 4-6 Sur Etapa 1 apartamento 162 254093 Quebradanegra, Cundinamarca;1
00005067;Andrea Gloria Ayala;Carrera 25 # 23-99 Sur 159199 Paz de Río, Boyacá;2
00005773;Carlos Samir Tovar Gutiérrez;Carrera 5ª # 99-8 251532 Tibirita, Cundinamarca;2
00005078;Carlos Enrique Castro Ávila;Transversal 93 # 8-7 Sur 231844 Cotorra, Córdoba;4
00005084;Felipe Joaquín García;Cl. 99Q # 65-98 Sur 975019 Taraira, Vaupés;4
00005593;Liliana Andrea Cárdenas;Carrera 1ª # 6-56 Sur Apartamento 7 054551 Betulia, Antioquia;4
00005721;Carlos Juan Gómez;Tr. 18 # 8-41 Sur 054278 Valdivia, Antioquia;3
00005753;Luis Restrepo;Calle 32 # 4-3 Este Apartamento 43 704073 Guaranda, Sucre;1
00005457;Jaime Espitia Sierra;Cr. 8T # 74F-38 058420 Dabeiba, Antioquia;4
00005756;Marina Isabel García;Cl. 4ª # 3-9 Este Apto. 257 689945 Hato, Santander;3
00005174;Javier Eliecer Patiño Camacho;Cr. 24T # 5-76 Sur Local 26 137441 Regidor, Bolívar;3
00005646;Esteban Correa Gómez;Cr. 152 # 9Y-87 Sur 050552 Armenia, Antioquia;2
00005395;Rosa Janeth Tovar López;Dg. 19 Bis M # 84-36 157258 Nobsa, Boyacá;3
00005228;Ruby Rosario Gómez Rendón;Cl. 71 # 37-15 183645 Solita, Caquetá;3
00005295;Leidy Rodríguez;Avenida Gutiérrez # 2-8 201963 San Alberto, Cesar;2
00005143;Estiven David Cardona;Calle 168E # 4-5 630282 Génova, Quindío;1
00005262;Ricardo Juan Guerrero;Av. carrera 9ª # 7-9 Torre 3 apartamento 188 050943 Itagüí, Antioquia;1
00005136;Sandra Solano;Cr. 4ª # 88-38 056220 Bello, Antioquia;4
00005579;Dolly Rueda;Cl. 89 # 3-12 Sur 543691 El Zulia, Norte de Santander;4
00005386;Lucía Ariza;Av. calle 150 # 7-45 Sur Etapa 8 apartamento 78 209382 La Jagua de Ibirico, Cesar;1
00005220;Mariana Lorena Cruz Hernández;Av. carrera 2ª # 14-7 Este 234126 Lorica, Córdoba;2
00005745;Angie Cristina Pérez;Avenida carrera 155 # 76-45 Torre 8 apartamento 98 682868 Matanza, Santander;1
00005629;Eduardo Estrada Cárdenas;Calle 8ª # 31T-85 Sur Apto. 28 258129 Fómeque, Cundinamarca;3
00005902;María Diana López;Cr. 90 # 35-89 057018 El Santuario, Antioquia;3
00005625;Milena Rincón Cortés;Dg. 54 # 9-4 Etapa 7 apartamento 98 549410 Salazar, Norte de Santander;4
00005402;Andrés Miguel Rubio Rodríguez;Tr. 137 # 20-78 Etapa 9 apartamento 17 523453 Francisco Pizarro, Nariño;1
00005137;Blanca Anyi Escobar;Calle 25 # 26-20 Sur 152685 Paya, Boyacá;2
00005092;Virginia Ana Ortega;Cr. 19 # 66-99 761456 Obando, Valle del Cauca;1
00004987;Gloria González Gaviria;Cr. 61 Bis S # 3-77 Casa 4 415705 Timaná, Huila;1
00005880;Eugenia María Monsalve Mercado;Calle 98 # 99P-87 Este 258379 Tena, Cundinamarca;2
00005892;María Yaneth Ramos;Tr. 94 # 63-2 Casa 8 052769 La Unión, Antioquia;3
00005644;Linda Gutiérrez;Carrera 96 # 20-2 Sur 081432 Usiacurí, Atlántico;4
00005689;José Ávila;Cl. 7ª # 26-9 419755 Garzón, Huila;3
00005027;Andrés Rentería;Carrera 152H # 2-43 Este Etapa 6 apartamento 43 705039 La Unión, Sucre;2
00005567;Gloria Jiménez;Diagonal 7E # 44-95 Este 866793 Orito, Putumayo;1
00005113;Gloria Guerrero Guerra;Cr. 192 # 60-97 509135 Cubarral, Meta;4
00005124;Eduardo Alfonso Pérez;Tr. 83I Bis # 13-7 Este 527886 El Charco, Nariño;3
00005171;Jorge Cruz Arévalo;Cl. 70K # 32-6 Este Casa 39 709584 San Onofre, Sucre;2
00004902;Alberto Torres;Cl. 180K # 7-27 251137 Vergara, Cundinamarca;3
00005134;Edgar José Álvarez Herrera;Carrera 4ª # 85-53 Sur Torre 3 apartamento 89 087968 Campo de la Cruz, Atlántico;4
00005024;John Calderón Herrera;Carrera 89 # 29-2 Sur 977261 Papunahua, Vaupés;2
00004905;Enrique Hurtado González;Carrera 5ª # 1-2 545953 Cácota, Norte de Santander;4
00005149;Miryam Laura Pacheco;Cr. 42U # 62Z-16 Sur 857452 Yopal;2
00005539;Teresa Rodríguez;Calle 28 # 52-7 Bodega 617 259068 Agua de Dios;1
00005372;Dahiana María Cano;Cr. 100 # 8-5 258713 Gachancipá, Cundinamarca;3
00005065;Myriam Rodríguez;Cl. 9X # 91-4 208937 Agustín Codazzi, Cesar;4
00005503;José Ortiz Villamizar;Carrera 61 # 97-1 Este Apartamento 613 527342 El Peñol, Nariño;1
00005298;Mónica Palacios Martínez;Cl. 49 Bis # 45A-54 193028 Piamonte, Cauca;1
00004900;Mauricio Gómez;Cr. 4ª # 46-30 Etapa 9 apartamento 292 057418 Anzá, Antioquia;3
00005446;Dairo Valencia;Cr. 41N # 46-11 Sur 080610 Ponedera, Atlántico;1
00004955;Cecilia Ordóñez;Av. Hobo # 23-5 191990 Santa Rosa, Cauca;1
00005494;Dora Fernanda Rojas;Carrera 82 # 87-6 151990 Togüí, Boyacá;3
00005015;Fabián Jaime López Polo;Av. carrera 1ª # 44-42 Este 473032 San Zenón, Magdalena;2
00005796;Mario José Durán Molina;Calle 94 # 7-4 Este Torre 6 apartamento 38 158688 Paipa, Boyacá;3
00005000;María Londoño;Cl. 25V # 7-67 Este 175565 Risaralda, Caldas;1
00005458;Astrid Diana Muñoz González;Cl. 5ª # 3-9 860597 San Francisco, Putumayo;1
00005799;Mauricio Ruiz Contreras;Cl. 99 # 79U-38 Este Apto. 360 053229 San Carlos, Antioquia;2
00005139;Bertha Enith Lozano;Cr. 68D # 7-46 Sur 760545 Andalucía, Valle del Cauca;3
00005114;Marcela Deyanira Jiménez;Carrera 104 # 9-37 Sur 182991 Curillo, Caquetá;2
00005056;Pedro García Suárez;Cl. 130 # 1-8 Oficina 88 762538 La Cumbre, Valle del Cauca;1
00005814;Carlos Julio Hernández;Av. carrera 162 # 9-4 Este 256118 Ubalá, Cundinamarca;4
00005324;Enrique Díaz;Carrera 82 # 78-25 Sur 527812 Córdoba, Nariño;3
00005723;Alejandro Alvarado Ayala;Carrera 146 # 5-97 Etapa 8 apartamento 5 689916 El Playón, Santander;2
00004947;María María Marín Torres;Calle 76 # 1-1 Este Local 2 258625 Nilo, Cundinamarca;2
00005440;Stiven Ricardo Valencia;Calle 1K # 8I-19 Sur 418811 Isnos, Huila;4
00004973;Ramiro Daniel Peña;Av. calle 40 # 7-6 Este 419162 Paicol, Huila;1
00005393;Yenny Sarmiento;Diagonal 43 Sur # 82-1 Oficina 39 730026 Carmen de Apicalá, Tolima;4
00005210;Ximena Gutiérrez;Calle 48 # 3-3 761871 Pradera, Valle del Cauca;3
00005205;Olga María Arias Herrera;Av. calle 57 # 9-1 Torre 2 apartamento 59 272296 Tadó, Chocó;3
00005050;Alfonso Jaime Gutiérrez Herrera;Avenida calle 43 # 64-99 Este 134554 Turbaco, Bolívar;1
00005818;Hernán Rafael Ortega Galvis;Transversal 149 Bis # 19-6 Sur 443158 San Juan del Cesar, La Guajira;3
00005699;Blanca Stella Carrillo Orjuela;Avenida carrera 134 # 1-6 443526 Distracción, La Guajira;1
00005900;Liliana Muñoz Alfonso;Cr. 63 # 4-53 Sur Local 79 059351 San Luis, Antioquia;3
00005847;Ana Luz Zapata Córdoba;Cl. 42D # 51-71 974097 Pacoa, Vaupés;3
00005037;Harold Duarte Reyes;Calle 28 # 1-38 Sur Bodega 68 230799 Chinú, Córdoba;1
00005047;Rosa Hernández;Carrera 59 # 86B-74 059851 Valparaíso, Antioquia;3
00005499;Jackeline María Mercado Cárdenas;Av. calle 3ª # 9-6 Apto. 18 207868 La Jagua de Ibirico, Cesar;1
00004909;Diana Rojas Moreno;Av. Espinal # 1-14 Sur Oficina 9 884808 Providencia, Archipiélago de San Andrés, Providencia y Santa Catalina;3
00005720;Claudia Castro;Carrera 192S # 88N-4 Sur Bodega 323 050770 Andes, Antioquia;2
00005474;Fredy Ruiz Murillo;Cr. 120 # 43-7 Sur 150671 Maripí, Boyacá;2
00005111;Mercedes Ana López Vargas;Cl. 194 # 16-5 684193 Macaravita, Santander;2
00005290;Jaime Nicolás Rodríguez Forero;Calle 107 # 6-72 Este Casa 8 054305 Medellín;2
00005637;Andrés Fonseca;Av. Daniela Fuentes # 6-13 Sur Casa 30 815863 Saravena, Arauca;2
00005417;Camila Orozco;Cr. 131J Este # 13-30 Bodega 52 681081 Suaita, Santander;4
00005257;Jorge Martínez;Carrera 1G # 92-82 Este 172534 Risaralda, Caldas;4
00005671;Arturo Diego Osorio;Cr. 41 # 35M-41 Sur 194463 Buenos Aires, Cauca;1
00005058;Rubén David Acosta;Calle 79I # 9G-4 Este 416564 Villavieja, Huila;2
00005518;Jorge Castillo Pardo;Carrera 114 # 29-85 Casa 84 503400 Mesetas, Meta;1
00005863;Dayana Prieto;Cr. 90 # 1-34 Sur Casa 6 251002 El Rosal, Cundinamarca;3
00005511;Liceth Puentes;Avenida Delgado # 4-2 Sur 997160 Cumaribo, Vichada;2
00004974;Felipe José Cortés;Carrera 69 # 85-95 Sur 737420 Dolores, Tolima;2
00005526;José Esteban Díaz;Diagonal 182E Bis # 2-5 540154 San Calixto, Norte de Santander;3
00005277;Tatiana Mireya Pérez;Cr. 80 # 64-98 Sur Torre 7 apartamento 99 089278 Puerto Colombia, Atlántico;4
00005234;César Bermúdez Martínez;Transversal 6K # 7-9 Oficina 15 254797 Pacho, Cundinamarca;1
00005016;Alexander Pérez;Cr. 106 # 8-6 Apto. 73 547727 Cucutilla, Norte de Santander;3
00005487;Jorge Guillermo Amaya Montoya;Av. Norte de Santander # 75-9 410339 Palestina, Huila;4
00005725;Paola Edna Correa;Transversal 6ª # 52D-4 Sur 179034 La Merced, Caldas;1
00005150;Jairo Camilo Guerrero Mesa;Carrera 2 Bis P # 96-52 Oficina 81 200783 Curumaní, Cesar;3
00005409;Xiomara Fonseca;Cl. 197 # 30-9 Sur Apto. 645 683371 Guaca, Santander;4
00004975;Carlos Castellanos Campo;Dg. 149 Este # 1-6 Etapa 1 apartamento 22 521717 Puerres, Nariño;1
00005336;Carlos Michael Vélez Bustos;Calle 137 # 1-44 Sur Oficina 33 276572 Quibdó;2
00005414;Isabel Cárdenas;Carrera 107 # 7-75 Este 058713 Sabanalarga, Antioquia;4
00004904;Alberto Sánchez;Calle 19U # 56-3 Este 185338 Milán, Caquetá;1
00004896;María Correa Hernández;Cr. 5 Este # 43-6 Este 052880 Guarne, Antioquia;3
00005694;Johana Suárez Herrera;Avenida carrera 36 # 7-50 Este Local 191 258145 Cajicá, Cundinamarca;4
00005553;Jesús Correa Flórez;Avenida carrera 57 # 98-3 Sur 520374 Sandoná, Nariño;1
00005740;Gabriel López;Cl. 156 # 9Y-1 052900 Necoclí, Antioquia;4
00005870;Luis Octavio Torres;Cr. 142 # 2-76 Torre 9 apartamento 68 277381 Medio San Juan, Chocó;2
00005117;Claudia Sonia Miranda Buitrago;Carrera 135 # 7-98 Sur 174959 Viterbo, Caldas;3
00005401;Alberto Augusto Jiménez Murillo;Diagonal 92 # 2-5 Este Torre 2 apartamento 15 769598 Ulloa, Valle del Cauca;4
00005543;Antonio López;Cl. 98 # 50-30 Sur 051088 San Juan de Urabá, Antioquia;1
00005789;Johan Fernández Mesa;Avenida carrera 132 # 91-75 Este 131102 Altos del Rosario, Bolívar;3
00005045;Willian Andrés Romero Parra;Avenida Piedecuesta # 8-9 Este 272311 Tadó, Chocó;3
00005135;Alexandra Contreras;Cl. 8A # 1-4 Sur Bodega 5 527218 Albán, Nariño;4
00005609;Raquel Verónica Rodríguez;Avenida Charalá # 1-60 150758 Floresta, Boyacá;2
00005347;Elizabeth Galindo;Cr. 122 Bis # 60-75 251450 Chipaque, Cundinamarca;3
00005667;Consuelo Gladys Serna;Tr. 134 Bis W # 3-91 086927 Galapa, Atlántico;1
00005307;Liliana Campo;Calle 6ª # 20-7 Este Casa 20 278600 Río Iró, Chocó;3
00005441;Bryan Rodríguez;Calle 177 Sur # 68-38 Sur 540867 Hacarí, Norte de Santander;4
00005276;Brandon Molina Jaimes;Av. carrera 140 # 5-33 Este Casa 7 257348 Viotá, Cundinamarca;4
00005269;Alicia Zapata Chávez;Cl. 27 # 19-82 Oficina 45 767434 Bugalagrande, Valle del Cauca;1
00005253;Alexander Enrique Rojas;Carrera 7Y # 7-36 Este Bodega 765 051450 San Roque, Antioquia;1
00005265;Alejandro Hernández Barrera;Cl. 40G Sur # 3-8 Apartamento 14 139100 Margarita, Bolívar;4
00004980;Erika Rubio;Avenida carrera 25 # 7-32 Sur 052844 Copacabana, Antioquia;2
00004969;Amparo Esperanza Torres;Dg. 100 # 84K-47 Este Oficina 81 851001 Monterrey, Casanare;1
00005252;José Meza;Cl. 67 # 75D-33 Oficina 37 765394 La Cumbre, Valle del Cauca;2
00005404;Inés Calderón Pérez;Cl. 155 # 79-8 Local 8 687000 Onzaga, Santander;3
00005728;Ángel Rodrigo Valencia Camacho;Carrera 189 # 9-3 689664 Curití, Santander;4
00005542;Andrés Carlos Acosta;Carrera 7ª # 99P-24 Bodega 79 738214 Alvarado, Tolima;2
00004966;Javier Cárdenas;Avenida carrera 9ª # 1-1 520435 Contadero, Nariño;3
00005176;Margarita Salamanca Gómez;Calle 30 # 59-23 971371 Pacoa, Vaupés;4
00005356;Carlos Frank Bolívar;Cl. 83 # 2-87 Sur Etapa 3 apartamento 4 442733 Dibulla, La Guajira;1
00005329;Ana María Bolaños Fajardo;Transversal 3ª # 92-88 Este 233343 Chimá, Córdoba;4
00005303;Cristhian Alzate;Cr. 81 Este # 5-42 Este Oficina 7 732433 Melgar, Tolima;4
00005602;Gloria Restrepo Gutiérrez;Av. carrera 142 # 5-2 Este 199462 Bolívar, Cauca;2
00005837;José Mauricio Martínez Acevedo;Dg. 9ª # 5-99 Oficina 86 476297 Zona Bananera, Magdalena;2
00005206;Armando Jesús Ariza Cruz;Cr. 6ª # 8-5 Este Torre 6 apartamento 84 252241 Guatavita, Cundinamarca;4
00005353;Alberto Valencia Henao;Cl. 60 # 79-60 Sur 157763 Chivatá, Boyacá;3
00005615;Ivonne Fajardo Ramos;Diagonal 10 # 15-20 158874 Miraflores, Boyacá;2
00005732;Francisco Díaz;Cr. 63 # 4A-5 Sur Apto. 10 087299 Polonuevo, Atlántico;4
00005383;Cristian Enrique Cruz;Cl. 192 # 57-33 Sur Local 664 543726 Silos, Norte de Santander;1
00005209;Viviana Martínez;Cr. 177A # 2P-1 Este Etapa 6 apartamento 5 477349 Ciénaga, Magdalena;1
00005073;Patricia Suárez;Tr. 5V # 9-57 052560 Titiribí, Antioquia;2
00005754;Rosa Meneses;Avenida calle 3ª # 45-5 Este Torre 9 apartamento 80 153474 Tenza, Boyacá;1
00005673;Marcela Leidy Jaramillo;Cr. 61 # 97-1 Sur 186824 Florencia;1
00005616;Enrique Alejandro Giraldo;Avenida José Bravo # 77O-9 Sur 192901 Argelia, Cauca;1
00005075;Alfonso Leonel Reyes;Cr. 18 # 91-82 157027 Campohermoso, Boyacá;4
00005798;Giovanny López Campo;Carrera 103 # 6-7 Sur 089855 Manatí, Atlántico;4
00005698;María Suárez;Cl. 28 Sur # 3-30 Torre 7 apartamento 538 056916 Titiribí, Antioquia;4
00005240;Marta Alejandra Burbano Cortés;Carrera 28 # 46K-37 236706 Planeta Rica, Córdoba;3
00005479;Isabel Marcela Gómez Hernández;Carrera 83 # 1V-43 Este 199976 Guachené, Cauca;2
00005433;Manuel Julián Forero Cárdenas;Cr. 99 # 30-67 Sur 702091 San José de Toluviejo, Sucre;3
00005869;María Mercedes Carvajal;Dg. 5F Este # 45-5 Casa 2 415372 Altamira, Huila;2
00005340;Fabián Carlos Restrepo;Carrera 4ª # 6-1 Bodega 575 866800 Colón, Putumayo;1
00005002;María Virginia Estrada;Carrera 158F Este # 47-46 Local 48 259357 Cucunubá, Cundinamarca;2
00005202;Marina Patricia Medina Corredor;Cr. 9X # 72-64 Este Oficina 749 150544 Pisba, Boyacá;3
00005846;Harold Fernando Flórez;Av. carrera 196 # 39-74 Este 254031 Pasca, Cundinamarca;3
00005718;Johanna Peña;Tr. 6ª # 91J-6 Oficina 30 189231 Milán, Caquetá;4
00004927;Marta María González;Dg. 65 # 77-6 Etapa 2 apartamento 4 681184 Cerrito, Santander;1
00005093;Claudia María Duarte;Av. carrera 9ª # 5-7 Bodega 65 766511 El Cairo, Valle del Cauca;1
00005309;Jhon Alzate Hernández;Cr. 122 Bis # 5-2 Etapa 2 apartamento 963 058963 Abejorral, Antioquia;4
00005682;Antonio Carlos Suárez Jiménez;Cl. 76 # 1-51 Sur 761951 El Dovio, Valle del Cauca;2
00005217;Augusto Mendoza Gil;Cl. 97C # 7-2 Sur Oficina 79 155875 Pisba, Boyacá;1
00005359;Alberto David Blanco Gómez;Diagonal 80 # 35-7 Este 254953 Anapoima, Cundinamarca;3
00005106;Olga Álvarez;Carrera 3W Este # 58E-72 155866 El Cocuy, Boyacá;1
00005779;Sandra Mendoza;Carrera 132 # 1-97 Sur 253444 Quebradanegra, Cundinamarca;1
00005204;Luis Antonio Zambrano;Cr. 16 # 33-21 852587 Orocué, Casanare;1
00005320;Jhon Zapata Guzmán;Avenida carrera 4ª # 2-7 473879 Santa Bárbara de Pinto, Magdalena;3
00005710;Rafael Sebastián García;Avenida Íquira # 9U-7 Apto. 4 818430 Cravo Norte, Arauca;1
00005081;David Díaz Uribe;Carrera 193L # 5-7 Sur 159219 Rondón, Boyacá;2
00005188;David Diego Valencia;Avenida Cárdenas # 61-38 Sur 194079 Buenos Aires, Cauca;3
00005216;Magda María Martínez;Avenida calle 133 # 2K-53 Este 689965 Matanza, Santander;2
00005462;Nidia María Medina Olaya;Carrera 58 # 5-9 Este Casa 8 684319 Confines, Santander;2
00005489;Felipe Prada Quiroz;Cr. 3ª # 65-1 Sur 734911 Prado, Tolima;2
00005400;Sara Pinzón;Transversal 55Y Bis # 1-25 Sur 739281 Carmen de Apicalá, Tolima;3
00005107;María Gloria Arias;Diagonal 64 # 6-6 521908 Ricaurte, Nariño;3
00005802;Benjamín Becerra Muñoz;Avenida Moisés Javier Zapata # 7J-8 Este Local 740 680262 Sucre, Santander;4
00005322;Milena Yaneth Peña Chaparro;Av. calle 77 # 6-98 Sur Apartamento 955 528077 Los Andes, Nariño;4
00005314;Daniel Cárdenas;Calle 63 # 83-9 Sur Oficina 40 207571 Bosconia, Cesar;1
00005267;Betty María Arteaga;Diagonal 79 # 3-2 272144 Nóvita, Chocó;1
00005491;Sandra Johanna Trujillo;Transversal 128 # 7-4 Casa 2 705251 Galeras, Sucre;4
00005200;David Castillo;Av. carrera 2ª # 95-8 Sur 180360 El Paujíl, Caquetá;1
00005264;Jimmy Suárez;Cr. 6ª # 71-46 Este Apto. 91 735063 Coyaima, Tolima;3
00005719;Rocío León;Calle 152 # 33-51 Torre 3 apartamento 91 051054 Santo Domingo, Antioquia;4
00005213;Alberto Castro Moreno;Av. calle 132 # 4-9 Este Casa 65 087404 Barranquilla;4
00005545;Brayan Herrera;Carrera 9ª # 74Z-90 Sur Casa 9 631401 Armenia;3
00005675;Sergio John Romero;Carrera 85 # 32-49 Casa 7 527008 Arboleda, Nariño;4
00005819;Manuel Pacheco Romero;Av. carrera 4ª # 3-6 Este Casa 19 668664 Guática, Risaralda;3
00005337;Estiven Pinzón Mendoza;Avenida calle 55 # 76E-12 Sur 152772 Sogamoso, Boyacá;4
00005040;Alexandra Natalia Rodríguez;Cl. 27 # 1-43 Torre 8 apartamento 53 478086 Santa Bárbara de Pinto, Magdalena;2
00005766;María Rodríguez;Carrera 158 # 9-6 Sur 702649 Corozal, Sucre;2
00005287;María Amanda Mendoza Zuluaga;Av. calle 72 # 16-81 Sur 152094 La Capilla, Boyacá;3
00005775;Eduardo Alexander Ortiz Navarro;Calle 86 # 6-57 Sur Torre 8 apartamento 30 251305 Fusagasugá, Cundinamarca;4
00005121;Dany Rangel;Calle 7ª # 8-57 Sur 205815 Chiriguaná, Cesar;4
00005133;Ernesto Salas Espinosa;Carrera 5ª # 23-41 Torre 6 apartamento 9 189800 Morelia, Caquetá;4
00005749;Johan Jaime Rodríguez Castro;Cr. 14 # 1-8 Este 086315 Soledad, Atlántico;1
00005348;Yaneth Cortés Flórez;Carrera 31V # 7-49 Este Apartamento 256 731539 Villahermosa, Tolima;2
00005179;Jairo Pérez;Carrera 89 # 82-8 191214 Caldono, Cauca;4
00005830;Robert Ochoa Díaz;Av. calle 99 # 5P-3 Sur Torre 7 apartamento 618 414344 Palestina, Huila;1
00005696;Stella María Posada;Av. calle 50 # 37-1 Este Bodega 21 184672 Florencia;3
00005306;Miguel Palacios Morales;Cl. 8ª # 20-28 Este Apartamento 45 058220 San Rafael, Antioquia;3
00005390;Fanny Rodríguez Gutiérrez;Cl. 86 Bis V # 7-2 Este 257843 La Vega, Cundinamarca;1
00005225;Mónica Yasmín Ruiz Orozco;Cr. 118 Bis E # 26-49 Este 230710 Montería;3
00004914;Sandra Gamboa Nieto;Cr. 20 # 45-39 Este 056921 San Rafael, Antioquia;3
00005283;Inés Amparo Contreras;Calle 115 # 75-7 Sur Apto. 99 689581 San Vicente de Chucurí, Santander;2
00005471;Hernán Quintero;Cr. 130V # 8-4 Sur 810803 Puerto Rondón, Arauca;3
00005429;Elena Sandra Fonseca;Av. carrera 83 # 5-3 470290 Fundación, Magdalena;3
00005070;Antonio Arias Castellanos;Avenida calle 2ª # 2-30 Este Bodega 92 052410 Cañasgordas, Antioquia;1
00005338;Manuel Mosquera;Carrera 26 # 80-9 159196 Tunja;3
00005650;Wilmer Pinzón Romero;Dg. 6T # 3-1 Sur 176827 Manzanares, Caldas;4
00005677;Alejandra Adriana Tovar López;Av. Alejandra Yuliana Mesa # 7-6 413064 Nátaga, Huila;4
00005562;Manuel Óscar Ortiz;Cl. 16 # 16-5 Este 818138 Fortul, Arauca;2
00005895;Linda Duque;Avenida Milena Torres # 9R-8 Torre 8 apartamento 603 236299 Canalete, Córdoba;3
00005665;Germán Andrey Suárez Figueroa;Dg. 8ª # 67-5 687501 El Playón, Santander;1
00005167;Jorge López;Tr. 130 Este # 77-1 Este 545173 Pamplona, Norte de Santander;4
00005091;Beatriz Martha Maldonado Arévalo;Calle 8H Bis H # 62-18 Casa 3 521287 Roberto Payán, Nariño;4
00005102;Martha Hilda Obando López;Avenida Doris Ramírez # 84-9 Este 051542 Briceño, Antioquia;1
00005160;Clemencia Dina Romero Córdoba;Av. calle 9ª # 1-7 Este Apto. 10 525256 Mallama, Nariño;3
00005465;Xiomara Yolanda Padilla Arenas;Avenida Santander # 63-7 Sur Apartamento 1 255766 Supatá, Cundinamarca;3
00005181;Yadira Díaz;Av. calle 7ª # 39-6 Sur Torre 4 apartamento 112 764555 Obando, Valle del Cauca;3
00005374;Arbey Camilo Caicedo Garcés;Calle 75 # 31-7 886028 San Andrés;1
00005498;Jesús González Bastidas;Cr. 63 # 49-1 Este 259005 Albán, Cundinamarca;2
00005872;Carlos Luis Alarcón Reyes;Cr. 8ª # 7-34 135811 Soplaviento, Bolívar;1
00004888;Luz Andrea González;Carrera 7I # 1-3 996007 La Primavera, Vichada;2
00005787;Nelly Mosquera;Carrera 4ª # 8-3 Este 258513 Guachetá, Cundinamarca;1
00005784;José Vega Sánchez;Avenida calle 146 # 5-21 Etapa 8 apartamento 744 198873 Rosas, Cauca;3
00005115;Marcela Marcela Rincón;Cr. 196Y Bis # 7-35 Bodega 78 853665 Támara, Casanare;4
00005768;Miguel Pedro Acevedo;Cr. 5 Sur # 16-5 Este 158671 Ventaquemada, Boyacá;4
00005293;Alba Serrano Castro;Calle 40 # 66-73 Sur 151219 Chitaraque, Boyacá;3
00005621;Germán Robinson Forero Salazar;Avenida carrera 187 # 14-89 Este 476503 Guamal, Magdalena;2
00005072;Fernando Gómez Lara;Cl. 1W # 59-5 Bodega 947 546201 Labateca, Norte de Santander;2
00004967;Viviana Rodríguez;Tr. 122 # 9-7 Este 157242 Sora, Boyacá;2
00005557;Yolanda Restrepo;Cr. 91 # 6-1 Este 199471 Piamonte, Cauca;3
00005690;Gladys Verónica García Gutiérrez;Avenida Arauca # 20-6 Este Etapa 3 apartamento 788 054466 San Roque, Antioquia;2
00005595;Federico Augusto Muñoz Moreno;Tr. 81L Bis N # 77-63 Este 760642 Argelia, Valle del Cauca;1
00005703;Robinson Ramírez;Cr. 22 # 73-8 Sur 735720 Saldaña, Tolima;2
00005270;Amparo Laura Arteaga Díaz;Cl. 33 Bis # 9N-42 Este Torre 7 apartamento 93 952282 Miraflores, Guaviare;3
00005758;Luz Rosa Díaz;Cr. 8Y # 2-19 Oficina 6 548441 Villa del Rosario, Norte de Santander;4
00005180;William González Rangel;Dg. 56 # 7-8 Sur 251335 Suesca, Cundinamarca;3
00005018;Elkin Fredy Muñoz;Cl. 4 Este # 1-4 Sur Etapa 2 apartamento 1 153278 Sutatenza, Boyacá;2
00005196;Yaneth Luz Contreras Pulido;Calle 83 # 8-9 271409 San José del Palmar, Chocó;4
00005868;Miguel Rojas;Dg. 7ª # 6-21 Sur Local 27 445985 La Jagua del Pilar, La Guajira;3
00005116;Patricia Hurtado;Cr. 25B # 4-8 Este Torre 3 apartamento 55 978925 Pacoa, Vaupés;1
00005785;Luz Pedraza Betancur;Diagonal 173U Este # 31-35 Este 150794 El Espino, Boyacá;1
00005617;David Correa;Cl. 1 Este # 4-7 Sur 689550 La Belleza, Santander;3
00005558;Fidel Jaramillo Castillo;Cl. 3M Bis Z # 79-36 Sur Etapa 1 apartamento 54 199873 Padilla, Cauca;1
00005611;Andrés Didier Ramírez;Carrera 66L Este # 84-1 479532 Zona Bananera, Magdalena;3
00004929;Mónica Paula Díaz;Calle 99 # 8-5 Bodega 18 686150 Páramo, Santander;1
00005674;Liliana Marleny Barrios;Cl. 48 # 2-3 Este Torre 7 apartamento 3 703478 Guaranda, Sucre;2
00005377;Wilson Fernando Ávila González;Calle 19 # 81-30 Sur Casa 6 522703 Consacá, Nariño;2
00005187;Marina Rincón;Calle 77 # 4W-52 Apartamento 90 764285 Bugalagrande, Valle del Cauca;2
00005889;Milena Sandra Fajardo;Avenida Virginia María Giraldo Leal # 1M-9 Sur Casa 5 050224 Marinilla, Antioquia;4
00005702;María Niño Medina;Av. carrera 7ª # 2-34 Etapa 5 apartamento 183 687282 Suratá, Santander;2
00005581;Verónica Ana Calderón;Cr. 45 # 6-9 Sur 685577 Rionegro, Santander;2
00004945;Yudy Ballesteros Garcés;Calle 146V # 9-4 Este 150850 Quípama, Boyacá;4
00005714;Ana Nancy Castañeda;Carrera 1ª # 4-9 Sur Casa 29 259683 La Mesa, Cundinamarca;1
00004961;Antonio Pérez Fuentes;Cl. 86 # 5-6 Este Bodega 91 056486 Armenia, Antioquia;4
00005653;Adolfo Enrique González Ortiz;Transversal 174 Este # 8-5 153740 Duitama, Boyacá;1
00004907;Arley Steven Sanabria;Cl. 122 # 82-80 Sur 473914 Santa Marta;4
00004976;Cindy Arteaga;Av. calle 122 # 3-8 Sur 055211 Valparaíso, Antioquia;1
00004960;Piedad Adriana Delgado;Cl. 93 # 7-2 Sur Apartamento 3 150454 El Espino, Boyacá;1
00005645;Janeth Suárez;Cr. 2ª # 3-67 522210 San Pedro de Cartago, Nariño;1
00005623;Martha Mesa;Avenida Fonseca # 6U-5 Este 680041 Málaga, Santander;1
00005001;Patricia García;Calle 8 Bis # 5-5 Este 681330 Landázuri, Santander;1
00005752;Tania Kelly Gómez Reyes;Av. Guapotá # 10-3 Este 175087 Neira, Caldas;4
00005036;Ingrid Margarita Guzmán;Transversal 5ª # 40-99 Etapa 1 apartamento 23 053430 El Santuario, Antioquia;2
00005043;Luis Herrera;Tr. 35V # 2A-6 Sur Bodega 54 157098 Quípama, Boyacá;4
00005025;Mónica Rojas Castro;Calle 1Q # 89-5 Sur Bodega 8 251769 Villapinzón, Cundinamarca;3
00005564;Rosa Ramos González;Cl. 24 # 6-30 413312 Isnos, Huila;2
00005506;Esther Cecilia Manrique;Transversal 38 # 8-5 Este Etapa 6 apartamento 69 761876 Trujillo, Valle del Cauca;3
00005508;Rodrigo José Ramírez;Carrera 5 Bis # 29W-37 Este Apto. 43 684594 Molagavita, Santander;2
00005838;Carolina Rodríguez Álvarez;Cr. 72 # 2-61 Este 050880 San Roque, Antioquia;4
00005886;Luis Mauricio Soto Pérez;Calle 2ª # 4-68 Este 681227 Puerto Wilches, Santander;2
00005068;Juan Meza;Transversal 4B # 72-47 Este 504712 Puerto Gaitán, Meta;2
00004993;Luz Rosa Sánchez;Carrera 40 # 7X-96 Sur Bodega 3 234613 Chinú, Córdoba;3
00005074;Moisés Ceballos Buitrago;Diagonal 57 # 11-78 Este 680903 Guaca, Santander;4
00005711;Erika Castro;Cr. 3ª # 31-66 735652 Villarrica, Tolima;1
00005380;Ofelia Arias;Av. Puerto Arica # 99-2 Este 055995 Peque, Antioquia;1
00005292;Jorge Palacio Chaparro;Cl. 66 # 21-1 Etapa 4 apartamento 2 546088 Cáchira, Norte de Santander;4
00005382;Johan Antonio Díaz;Cl. 162 # 9-6 Sur Etapa 5 apartamento 6 508220 San Martín, Meta;2
00005299;Liliana María Domínguez;Cr. 22 # 29X-97 153562 Cuítiva, Boyacá;4
00005550;Valentina García Luna;Calle 65K Bis S # 46-2 Este 449561 Uribia, La Guajira;3
00005426;Rafael Isaac Rojas Ortiz;Avenida calle 165 # 53-6 Este 505504 Uribe, Meta;1
00005501;Arnulfo Rafael Vallejo;Transversal 73 # 7-8 Este Bodega 731 543721 Santiago, Norte de Santander;3
00005815;Diego López;Calle 182N # 79-86 Sur Etapa 8 apartamento 60 052889 Argelia, Antioquia;4
00005435;Fanny Solano Rengifo;Calle 156J # 9-7 Este 544016 Los Patios, Norte de Santander;2
00005598;Steven Jairo López;Cr. 59 # 5-50 Sur Oficina 659 858235 Chámeza, Casanare;2
00005544;Franklin Villa;Tr. 9ª # 29Y-57 Este 680036 Santa Helena del Opón, Santander;1
00005767;Alberto Angulo Jaramillo;Calle 88 # 1-5 684801 Zapatoca, Santander;4
00004979;Yadira Caballero Ríos;Tr. 85 # 75-5 131029 Arroyohondo, Bolívar;3
00005397;María Milena Martínez;Av. calle 151 # 5G-60 Oficina 701 231707 Lorica, Córdoba;1
00005243;Sebastián Herrera Carvajal;Cr. 161G # 1-89 Sur 157066 Sora, Boyacá;3
00005227;Luz María Giraldo Gómez;Cr. 5T # 67-76 Sur 155041 Cómbita, Boyacá;2
00005168;Nidia Lucía Orjuela Ocampo;Cl. 90 # 9O-5 Local 16 416640 Tarqui, Huila;1
00005850;Edison John Méndez;Av. Freddy Santos # 45-6 Sur Casa 7 540244 Chitagá, Norte de Santander;4
00005473;José Juan Castañeda Vásquez;Calle 9ª # 93J-8 Este 081040 Palmar de Varela, Atlántico;2
00005379;Norma Meneses;Av. carrera 9ª # 32-7 Sur 230149 San Antero, Córdoba;1
00005624;Gladis Daniela Correa Rivera;Carrera 90 # 3D-4 Este 940158 Puerto Colombia, Guainía;2
00005291;Alberto Córdoba Bastidas;Cl. 53 # 39Z-4 190190 Florencia, Cauca;3
00005203;Eduardo Bermúdez Gallego;Av. Puerto Santander # 6-29 Casa 48 763506 Dagua, Valle del Cauca;3
00005746;Víctor Castillo;Cl. 5ª # 62-5 Este 051724 Barbosa, Antioquia;1
00004964;Ingrid Carmen Burbano;Av. calle 5ª # 6X-5 Este Bodega 8 053923 Concepción, Antioquia;4
00004915;Wilder Restrepo Bernal;Cl. 182 # 9-9 Este Apto. 3 682821 Guapotá, Santander;4
00005452;Juan Luna;Av. calle 171 # 62-6 Este Casa 51 763831 Pradera, Valle del Cauca;1
00005829;Martha Sofía López Córdoba;Cl. 73 # 5-8 Sur Local 65 259853 San Cayetano, Cundinamarca;1
00005127;Ligia Angie Hurtado Gutiérrez;Transversal 131 # 31-6 Oficina 16 156185 Tota, Boyacá;2
00005085;Lorena Bernal Méndez;Cr. 48 # 25-29 Sur 051118 Yondó, Antioquia;3
00005330;Sandra Gabriela Carvajal;Tr. 2ª # 34Q-77 Este 682894 Macaravita, Santander;4
00005197;Leonor Loaiza;Avenida Sabaneta # 3-9 Sur Apartamento 898 235997 Puerto Escondido, Córdoba;1
00005066;Jorge Hernández;Carrera 8W Bis Q # 91-37 151799 Soatá, Boyacá;4
00005408;Manuel Bautista Hernández;Carrera 75 # 4-4 Este Local 9 853064 Hato Corozal, Casanare;1
00005715;Mauricio Mosquera;Avenida carrera 2ª # 7-43 Apartamento 56 192861 Santander de Quilichao, Cauca;1
00004959;Andrés Enrique Pineda Sánchez;Carrera 149 # 29-2 Sur 139540 Santa Cruz de Mompox, Bolívar;2
00005686;Javier Reyes Rodríguez;Carrera 169 # 3C-2 Apartamento 1 155817 Sogamoso, Boyacá;1
00005407;Beatriz Nelcy Chávez;Dg. 57 # 8Y-6 Este 258118 Funza, Cundinamarca;3
00004950;Aura Soto;Cr. 5S Bis # 45P-7 134788 Arroyohondo, Bolívar;3
00005123;Raúl John García;Avenida carrera 70 # 67-5 Sur 154199 Santa Sofía, Boyacá;2
00005762;Maritza Carmen Rentería Cruz;Av. calle 30 # 37-8 Este Local 8 769072 Guacarí, Valle del Cauca;1
00005619;Alejandra Candelaria Galindo;Carrera 34 # 46-87 Este 174650 Samaná, Caldas;1
00005278;María Sandra González Cáceres;Carrera 188L # 92-25 731099 Saldaña, Tolima;1
00004985;Fernando Humberto García;Dg. 10 # 3B-36 Sur 150367 Santa Rosa de Viterbo, Boyacá;4
00005360;Liliana Rocío López Mendoza;Calle 22 # 4-94 Sur 152948 Berbeo, Boyacá;4
00005882;Gabriel Antonio Galeano;Carrera 82 # 9-29 Este 194134 Patía, Cauca;3
00005560;Pedro Iván Ríos;Cr. 16 # 7-64 Este 254438 Manta, Cundinamarca;3
00005466;Brayan Díaz;Calle 80 # 92-61 Sur 189324 El Doncello, Caquetá;3
00005165;Patricia Consuelo Quintero;Cl. 38 Bis # 95-74 Sur Torre 9 apartamento 4 735491 Villahermosa, Tolima;4
00005367;Juan Eduardo Salazar Díaz;Cl. 32E Bis # 79-89 Este Apto. 50 681003 Sucre, Santander;3
00005164;Leidy Medina Giraldo;Cr. 29S # 9F-45 Etapa 2 apartamento 9 150830 Moniquirá, Boyacá;2
00005430;María Diana Martínez Bermúdez;Avenida San Andrés de Cuerquía # 72-61 Este 056981 Mutatá, Antioquia;4
00005513;Luz Núñez;Transversal 7C # 4-5 Este Etapa 3 apartamento 270 888503 Providencia, Archipiélago de San Andrés, Providencia y Santa Catalina;4
00005704;Alexis Quintero González;Av. carrera 5ª # 97-4 052951 San Jerónimo, Antioquia;1
00005633;Rocío López Pabón;Avenida calle 188 # 39-8 Sur 157772 Corrales, Boyacá;3
00005750;Yaneth Inés Velásquez;Cr. 4 Bis # 81A-8 Este 051324 Granada, Antioquia;1
00005764;Eduardo Brayan Vargas García;Carrera 158 # 55-81 056693 Arboletes, Antioquia;1
00005108;Mateo Ricardo Rueda;Transversal 3ª # 97-65 Sur 812920 Tame, Arauca;4
00005716;Patricia López Henao;Diagonal 9ª # 8C-1 Este Local 27 255874 Gutiérrez, Cundinamarca;4
00005774;Rosalba González;Av. carrera 9ª # 61-2 Este Apartamento 806 052556 Cisneros, Antioquia;1
00005551;Lucila Omaira Moreno Restrepo;Carrera 57J # 4M-5 Etapa 2 apartamento 833 157396 Berbeo, Boyacá;3
00004971;Alexandra Gutiérrez;Av. carrera 51 # 6-17 Apto. 94 509643 Acacías, Meta;4
00005381;María María González Castillo;Transversal 119 # 46-9 Este Casa 93 546654 Santiago, Norte de Santander;2
00005039;Mercedes García;Cr. 115 # 89C-6 545717 Tibú, Norte de Santander;1
00005777;Edwin Córdoba Herrera;Dg. 117A # 1-53 Sur 136390 San Jacinto, Bolívar;3
00005244;Luz Romero;Carrera 116 # 82D-39 Este 542070 Gramalote, Norte de Santander;4
